Order_ID,Restaurant_Location,Customer_Location,Order_Time,Pickup_Delay_Min,Delivery_Distance_km,Traffic_Level,Weather,Cuisine,Rider_ID,Pickup_Time,Delivery_Duration_Min,Delivery_Time,Expected_Delivery_Min,Actual_Delivery_Min,Delivery_Delay
O1000,Zone C,Zone B,2023-01-01 10:00:00,11,11.83,Medium,Clear,North Indian,R48,2023-01-01 10:11:00,61,2023-01-01 11:12:00,64.15,72.0,7.849999999999994
O1001,Zone A,Zone B,2023-01-01 10:05:00,7,6.78,Medium,Rainy,Desserts,R16,2023-01-01 10:12:00,34,2023-01-01 10:46:00,38.9,41.0,2.1000000000000014
O1002,Zone C,Zone C,2023-01-01 10:10:00,7,2.89,Low,Rainy,Desserts,R37,2023-01-01 10:17:00,10,2023-01-01 10:27:00,19.450000000000003,17.0,-2.450000000000003
O1003,Zone C,Zone B,2023-01-01 10:15:00,19,4.0,Low,Rainy,Chinese,R12,2023-01-01 10:34:00,14,2023-01-01 10:48:00,25.0,33.0,8.0
O1004,Zone A,Zone A,2023-01-01 10:20:00,12,1.2,Medium,Clear,Fast Food,R18,2023-01-01 10:32:00,7,2023-01-01 10:39:00,11.0,19.0,8.0
O1005,Zone A,Zone A,2023-01-01 10:25:00,9,11.06,Medium,Rainy,North Indian,R30,2023-01-01 10:34:00,55,2023-01-01 11:29:00,60.300000000000004,64.0,3.6999999999999957
O1006,Zone C,Zone A,2023-01-01 10:30:00,8,2.3,Low,Clear,Desserts,R17,2023-01-01 10:38:00,12,2023-01-01 10:50:00,16.5,20.0,3.5
O1007,Zone B,Zone C,2023-01-01 10:35:00,12,7.34,Medium,Clear,Fast Food,R4,2023-01-01 10:47:00,37,2023-01-01 11:24:00,41.7,49.0,7.299999999999997
O1008,Zone C,Zone B,2023-01-01 10:40:00,19,4.01,High,Clear,Desserts,R23,2023-01-01 10:59:00,32,2023-01-01 11:31:00,25.049999999999997,51.0,25.950000000000003
O1009,Zone C,Zone A,2023-01-01 10:45:00,10,7.1,Low,Clear,Desserts,R6,2023-01-01 10:55:00,22,2023-01-01 11:17:00,40.5,32.0,-8.5
O1010,Zone C,Zone C,2023-01-01 10:50:00,6,8.17,Medium,Rainy,North Indian,R33,2023-01-01 10:56:00,42,2023-01-01 11:38:00,45.85,48.0,2.1499999999999986
O1011,Zone C,Zone B,2023-01-01 10:55:00,8,10.13,Medium,Rainy,North Indian,R25,2023-01-01 11:03:00,51,2023-01-01 11:54:00,55.650000000000006,59.0,3.3499999999999943
O1012,Zone A,Zone C,2023-01-01 11:00:00,16,3.27,High,Rainy,Desserts,R7,2023-01-01 11:16:00,25,2023-01-01 11:41:00,21.35,41.0,19.65
O1013,Zone C,Zone A,2023-01-01 11:05:00,15,1.12,Low,Clear,South Indian,R2,2023-01-01 11:20:00,3,2023-01-01 11:23:00,10.600000000000001,18.0,7.399999999999999
O1014,Zone B,Zone A,2023-01-01 11:10:00,8,2.51,Medium,Clear,Desserts,R34,2023-01-01 11:18:00,12,2023-01-01 11:30:00,17.549999999999997,20.0,2.450000000000003
O1015,Zone A,Zone A,2023-01-01 11:15:00,19,10.9,High,Clear,Desserts,R20,2023-01-01 11:34:00,79,2023-01-01 12:53:00,59.5,98.0,38.5
O1016,Zone B,Zone C,2023-01-01 11:20:00,10,10.61,High,Clear,Chinese,R20,2023-01-01 11:30:00,75,2023-01-01 12:45:00,58.05,85.0,26.950000000000003
O1017,Zone B,Zone C,2023-01-01 11:25:00,10,7.57,Medium,Clear,Chinese,R32,2023-01-01 11:35:00,40,2023-01-01 12:15:00,42.85,50.0,7.149999999999999
O1018,Zone B,Zone A,2023-01-01 11:30:00,5,7.61,Medium,Clear,Chinese,R26,2023-01-01 11:35:00,38,2023-01-01 12:13:00,43.050000000000004,43.0,-0.05000000000000426
O1019,Zone B,Zone C,2023-01-01 11:35:00,18,8.32,Medium,Clear,South Indian,R44,2023-01-01 11:53:00,44,2023-01-01 12:37:00,46.6,62.0,15.399999999999999
O1020,Zone A,Zone A,2023-01-01 11:40:00,12,2.93,High,Clear,South Indian,R25,2023-01-01 11:52:00,24,2023-01-01 12:16:00,19.65,36.0,16.35
O1021,Zone A,Zone A,2023-01-01 11:45:00,10,11.06,Medium,Rainy,Desserts,R3,2023-01-01 11:55:00,56,2023-01-01 12:51:00,60.300000000000004,66.0,5.699999999999996
O1022,Zone B,Zone B,2023-01-01 11:50:00,7,5.61,Low,Windy,Chinese,R34,2023-01-01 11:57:00,16,2023-01-01 12:13:00,33.05,23.0,-10.049999999999997
O1023,Zone B,Zone C,2023-01-01 11:55:00,18,5.21,High,Windy,South Indian,R6,2023-01-01 12:13:00,40,2023-01-01 12:53:00,31.05,58.0,26.95
O1024,Zone A,Zone A,2023-01-01 12:00:00,13,6.71,Medium,Rainy,North Indian,R36,2023-01-01 12:13:00,36,2023-01-01 12:49:00,38.55,49.0,10.450000000000003
O1025,Zone A,Zone A,2023-01-01 12:05:00,6,1.52,Medium,Clear,Desserts,R39,2023-01-01 12:11:00,9,2023-01-01 12:20:00,12.6,15.0,2.4000000000000004
O1026,Zone A,Zone C,2023-01-01 12:10:00,19,2.83,Low,Rainy,Fast Food,R25,2023-01-01 12:29:00,10,2023-01-01 12:39:00,19.15,29.0,9.850000000000001
O1027,Zone C,Zone B,2023-01-01 12:15:00,15,9.12,Medium,Rainy,Desserts,R2,2023-01-01 12:30:00,46,2023-01-01 13:16:00,50.599999999999994,61.0,10.400000000000006
O1028,Zone C,Zone B,2023-01-01 12:20:00,12,1.91,Medium,Clear,Fast Food,R42,2023-01-01 12:32:00,12,2023-01-01 12:44:00,14.549999999999999,24.0,9.450000000000001
O1029,Zone C,Zone A,2023-01-01 12:25:00,14,7.63,Medium,Clear,Chinese,R44,2023-01-01 12:39:00,39,2023-01-01 13:18:00,43.15,53.0,9.850000000000001
O1030,Zone B,Zone C,2023-01-01 12:30:00,7,3.7,Low,Rainy,Fast Food,R32,2023-01-01 12:37:00,11,2023-01-01 12:48:00,23.5,18.0,-5.5
O1031,Zone C,Zone B,2023-01-01 12:35:00,17,5.28,Medium,Clear,Chinese,R47,2023-01-01 12:52:00,28,2023-01-01 13:20:00,31.400000000000002,45.0,13.599999999999998
O1032,Zone B,Zone C,2023-01-01 12:40:00,16,4.18,High,Clear,North Indian,R3,2023-01-01 12:56:00,30,2023-01-01 13:26:00,25.9,46.0,20.1
O1033,Zone B,Zone C,2023-01-01 12:45:00,9,4.91,Low,Clear,Fast Food,R30,2023-01-01 12:54:00,15,2023-01-01 13:09:00,29.55,24.0,-5.550000000000001
O1034,Zone C,Zone A,2023-01-01 12:50:00,10,8.91,High,Clear,Desserts,R50,2023-01-01 13:00:00,63,2023-01-01 14:03:00,49.55,73.0,23.450000000000003
O1035,Zone B,Zone B,2023-01-01 12:55:00,14,4.27,Medium,Clear,Chinese,R16,2023-01-01 13:09:00,23,2023-01-01 13:32:00,26.349999999999998,37.0,10.650000000000002
O1036,Zone C,Zone A,2023-01-01 13:00:00,10,7.23,High,Clear,Desserts,R9,2023-01-01 13:10:00,51,2023-01-01 14:01:00,41.150000000000006,61.0,19.849999999999994
O1037,Zone C,Zone B,2023-01-01 13:05:00,8,6.24,Medium,Clear,South Indian,R9,2023-01-01 13:13:00,34,2023-01-01 13:47:00,36.2,42.0,5.799999999999997
O1038,Zone A,Zone B,2023-01-01 13:10:00,7,8.3,Medium,Clear,Chinese,R49,2023-01-01 13:17:00,44,2023-01-01 14:01:00,46.5,51.0,4.5
O1039,Zone C,Zone B,2023-01-01 13:15:00,8,11.31,Medium,Rainy,Fast Food,R23,2023-01-01 13:23:00,58,2023-01-01 14:21:00,61.550000000000004,66.0,4.449999999999996
O1040,Zone A,Zone B,2023-01-01 13:20:00,5,9.06,High,Clear,Chinese,R12,2023-01-01 13:25:00,64,2023-01-01 14:29:00,50.300000000000004,69.0,18.699999999999996
O1041,Zone C,Zone B,2023-01-01 13:25:00,8,3.36,Medium,Clear,Desserts,R24,2023-01-01 13:33:00,18,2023-01-01 13:51:00,21.8,26.0,4.199999999999999
O1042,Zone C,Zone C,2023-01-01 13:30:00,5,1.34,Medium,Clear,North Indian,R3,2023-01-01 13:35:00,9,2023-01-01 13:44:00,11.7,14.0,2.3000000000000007
O1043,Zone A,Zone A,2023-01-01 13:35:00,16,3.88,Medium,Windy,Chinese,R43,2023-01-01 13:51:00,22,2023-01-01 14:13:00,24.4,38.0,13.600000000000001
O1044,Zone A,Zone C,2023-01-01 13:40:00,19,7.55,High,Clear,Fast Food,R2,2023-01-01 13:59:00,55,2023-01-01 14:54:00,42.75,74.0,31.25
O1045,Zone C,Zone B,2023-01-01 13:45:00,5,1.57,Medium,Clear,South Indian,R37,2023-01-01 13:50:00,9,2023-01-01 13:59:00,12.850000000000001,14.0,1.1499999999999986
O1046,Zone B,Zone A,2023-01-01 13:50:00,14,6.46,Medium,Rainy,North Indian,R6,2023-01-01 14:04:00,31,2023-01-01 14:35:00,37.3,45.0,7.700000000000003
O1047,Zone A,Zone B,2023-01-01 13:55:00,18,7.57,Medium,Rainy,South Indian,R17,2023-01-01 14:13:00,41,2023-01-01 14:54:00,42.85,59.0,16.15
O1048,Zone B,Zone A,2023-01-01 14:00:00,10,4.68,High,Clear,Chinese,R41,2023-01-01 14:10:00,34,2023-01-01 14:44:00,28.4,44.0,15.600000000000001
O1049,Zone B,Zone C,2023-01-01 14:05:00,9,9.48,Low,Rainy,Desserts,R23,2023-01-01 14:14:00,31,2023-01-01 14:45:00,52.400000000000006,40.0,-12.400000000000006
O1050,Zone B,Zone A,2023-01-01 14:10:00,18,2.17,Medium,Clear,Desserts,R18,2023-01-01 14:28:00,14,2023-01-01 14:42:00,15.85,32.0,16.15
O1051,Zone A,Zone A,2023-01-01 14:15:00,15,1.83,Low,Clear,Fast Food,R26,2023-01-01 14:30:00,9,2023-01-01 14:39:00,14.15,24.0,9.85
O1052,Zone B,Zone A,2023-01-01 14:20:00,19,9.01,Medium,Clear,Desserts,R28,2023-01-01 14:39:00,46,2023-01-01 15:25:00,50.05,65.0,14.950000000000003
O1053,Zone A,Zone A,2023-01-01 14:25:00,8,6.45,Medium,Clear,North Indian,R50,2023-01-01 14:33:00,34,2023-01-01 15:07:00,37.25,42.0,4.75
O1054,Zone B,Zone A,2023-01-01 14:30:00,17,8.57,Medium,Rainy,Desserts,R15,2023-01-01 14:47:00,46,2023-01-01 15:33:00,47.85,63.0,15.149999999999999
O1055,Zone C,Zone B,2023-01-01 14:35:00,15,5.78,Medium,Clear,Fast Food,R17,2023-01-01 14:50:00,30,2023-01-01 15:20:00,33.900000000000006,45.0,11.099999999999994
O1056,Zone C,Zone A,2023-01-01 14:40:00,7,3.71,Medium,Clear,Chinese,R48,2023-01-01 14:47:00,19,2023-01-01 15:06:00,23.55,26.0,2.4499999999999993
O1057,Zone A,Zone A,2023-01-01 14:45:00,5,10.01,Medium,Rainy,Chinese,R43,2023-01-01 14:50:00,51,2023-01-01 15:41:00,55.05,56.0,0.9500000000000028
O1058,Zone C,Zone C,2023-01-01 14:50:00,10,9.79,Low,Rainy,Desserts,R2,2023-01-01 15:00:00,31,2023-01-01 15:31:00,53.949999999999996,41.0,-12.949999999999996
O1059,Zone C,Zone A,2023-01-01 14:55:00,6,8.64,Medium,Clear,South Indian,R36,2023-01-01 15:01:00,44,2023-01-01 15:45:00,48.2,50.0,1.7999999999999972
O1060,Zone B,Zone C,2023-01-01 15:00:00,12,3.99,Low,Rainy,Chinese,R18,2023-01-01 15:12:00,13,2023-01-01 15:25:00,24.950000000000003,25.0,0.04999999999999716
O1061,Zone A,Zone B,2023-01-01 15:05:00,14,7.49,Low,Clear,Desserts,R46,2023-01-01 15:19:00,23,2023-01-01 15:42:00,42.45,37.0,-5.450000000000003
O1062,Zone B,Zone A,2023-01-01 15:10:00,9,4.97,Medium,Rainy,Fast Food,R33,2023-01-01 15:19:00,27,2023-01-01 15:46:00,29.849999999999998,36.0,6.150000000000002
O1063,Zone B,Zone C,2023-01-01 15:15:00,11,2.01,Medium,Rainy,Desserts,R18,2023-01-01 15:26:00,13,2023-01-01 15:39:00,15.049999999999999,24.0,8.950000000000001
O1064,Zone B,Zone C,2023-01-01 15:20:00,14,11.09,Medium,Windy,Chinese,R4,2023-01-01 15:34:00,58,2023-01-01 16:32:00,60.45,72.0,11.549999999999997
O1065,Zone B,Zone B,2023-01-01 15:25:00,16,2.51,Medium,Clear,Fast Food,R23,2023-01-01 15:41:00,14,2023-01-01 15:55:00,17.549999999999997,30.0,12.450000000000003
O1066,Zone B,Zone A,2023-01-01 15:30:00,6,11.45,Medium,Clear,Desserts,R2,2023-01-01 15:36:00,60,2023-01-01 16:36:00,62.25,66.0,3.75
O1067,Zone B,Zone A,2023-01-01 15:35:00,17,5.91,High,Clear,North Indian,R19,2023-01-01 15:52:00,43,2023-01-01 16:35:00,34.55,60.0,25.450000000000003
O1068,Zone B,Zone C,2023-01-01 15:40:00,12,3.04,Medium,Clear,Fast Food,R17,2023-01-01 15:52:00,16,2023-01-01 16:08:00,20.2,28.0,7.800000000000001
O1069,Zone A,Zone A,2023-01-01 15:45:00,6,6.96,Medium,Clear,North Indian,R39,2023-01-01 15:51:00,37,2023-01-01 16:28:00,39.8,43.0,3.200000000000003
O1070,Zone C,Zone C,2023-01-01 15:50:00,8,10.6,Low,Windy,South Indian,R31,2023-01-01 15:58:00,33,2023-01-01 16:31:00,58.0,41.0,-17.0
O1071,Zone B,Zone A,2023-01-01 15:55:00,5,9.05,Medium,Clear,Fast Food,R50,2023-01-01 16:00:00,46,2023-01-01 16:46:00,50.25,51.0,0.75
O1072,Zone B,Zone C,2023-01-01 16:00:00,19,9.87,Medium,Clear,North Indian,R27,2023-01-01 16:19:00,49,2023-01-01 17:08:00,54.349999999999994,68.0,13.650000000000006
O1073,Zone B,Zone A,2023-01-01 16:05:00,9,8.25,Medium,Rainy,Chinese,R44,2023-01-01 16:14:00,42,2023-01-01 16:56:00,46.25,51.0,4.75
O1074,Zone B,Zone B,2023-01-01 16:10:00,13,8.62,Medium,Clear,Chinese,R33,2023-01-01 16:23:00,45,2023-01-01 17:08:00,48.099999999999994,58.0,9.900000000000006
O1075,Zone B,Zone A,2023-01-01 16:15:00,5,10.34,Medium,Rainy,South Indian,R50,2023-01-01 16:20:00,55,2023-01-01 17:15:00,56.7,60.0,3.299999999999997
O1076,Zone B,Zone A,2023-01-01 16:20:00,13,3.75,Medium,Clear,Fast Food,R23,2023-01-01 16:33:00,20,2023-01-01 16:53:00,23.75,33.0,9.25
O1077,Zone C,Zone B,2023-01-01 16:25:00,15,6.38,Medium,Clear,Fast Food,R43,2023-01-01 16:40:00,32,2023-01-01 17:12:00,36.9,47.0,10.100000000000001
O1078,Zone C,Zone A,2023-01-01 16:30:00,19,3.43,High,Clear,Fast Food,R45,2023-01-01 16:49:00,27,2023-01-01 17:16:00,22.150000000000002,46.0,23.849999999999998
O1079,Zone B,Zone B,2023-01-01 16:35:00,12,11.86,Medium,Clear,South Indian,R24,2023-01-01 16:47:00,60,2023-01-01 17:47:00,64.3,72.0,7.700000000000003
O1080,Zone C,Zone A,2023-01-01 16:40:00,10,11.38,High,Windy,Fast Food,R42,2023-01-01 16:50:00,79,2023-01-01 18:09:00,61.900000000000006,89.0,27.099999999999994
O1081,Zone A,Zone C,2023-01-01 16:45:00,11,1.43,Low,Clear,Chinese,R1,2023-01-01 16:56:00,6,2023-01-01 17:02:00,12.149999999999999,17.0,4.850000000000001
O1082,Zone B,Zone C,2023-01-01 16:50:00,7,8.76,Low,Clear,North Indian,R38,2023-01-01 16:57:00,27,2023-01-01 17:24:00,48.8,34.0,-14.799999999999997
O1083,Zone A,Zone A,2023-01-01 16:55:00,18,11.18,Low,Clear,Chinese,R32,2023-01-01 17:13:00,37,2023-01-01 17:50:00,60.9,55.0,-5.899999999999999
O1084,Zone A,Zone A,2023-01-01 17:00:00,19,2.99,Medium,Clear,Chinese,R35,2023-01-01 17:19:00,17,2023-01-01 17:36:00,19.950000000000003,36.0,16.049999999999997
O1085,Zone B,Zone A,2023-01-01 17:05:00,5,7.25,High,Rainy,North Indian,R5,2023-01-01 17:10:00,52,2023-01-01 18:02:00,41.25,57.0,15.75
O1086,Zone C,Zone C,2023-01-01 17:10:00,9,11.07,Low,Clear,Chinese,R4,2023-01-01 17:19:00,34,2023-01-01 17:53:00,60.35,43.0,-17.35
O1087,Zone A,Zone A,2023-01-01 17:15:00,18,1.37,High,Rainy,South Indian,R11,2023-01-01 17:33:00,11,2023-01-01 17:44:00,11.850000000000001,29.0,17.15
O1088,Zone B,Zone C,2023-01-01 17:20:00,16,8.67,Low,Windy,North Indian,R50,2023-01-01 17:36:00,29,2023-01-01 18:05:00,48.35,45.0,-3.3500000000000014
O1089,Zone A,Zone B,2023-01-01 17:25:00,16,4.27,High,Clear,Chinese,R39,2023-01-01 17:41:00,32,2023-01-01 18:13:00,26.349999999999998,48.0,21.650000000000002
O1090,Zone A,Zone C,2023-01-01 17:30:00,6,11.17,Medium,Windy,Desserts,R44,2023-01-01 17:36:00,57,2023-01-01 18:33:00,60.85,63.0,2.1499999999999986
O1091,Zone A,Zone C,2023-01-01 17:35:00,18,11.68,Low,Clear,Chinese,R11,2023-01-01 17:53:00,37,2023-01-01 18:30:00,63.4,55.0,-8.399999999999999
O1092,Zone A,Zone B,2023-01-01 17:40:00,9,11.39,Medium,Clear,South Indian,R18,2023-01-01 17:49:00,58,2023-01-01 18:47:00,61.95,67.0,5.049999999999997
O1093,Zone C,Zone C,2023-01-01 17:45:00,12,6.22,Low,Clear,Fast Food,R24,2023-01-01 17:57:00,21,2023-01-01 18:18:00,36.099999999999994,33.0,-3.0999999999999943
O1094,Zone A,Zone A,2023-01-01 17:50:00,15,10.48,Low,Rainy,Chinese,R20,2023-01-01 18:05:00,33,2023-01-01 18:38:00,57.400000000000006,48.0,-9.400000000000006
O1095,Zone A,Zone A,2023-01-01 17:55:00,13,10.29,Medium,Windy,Fast Food,R26,2023-01-01 18:08:00,53,2023-01-01 19:01:00,56.449999999999996,66.0,9.550000000000004
O1096,Zone A,Zone C,2023-01-01 18:00:00,6,4.51,High,Clear,Desserts,R29,2023-01-01 18:06:00,33,2023-01-01 18:39:00,27.549999999999997,39.0,11.450000000000003
O1097,Zone C,Zone A,2023-01-01 18:05:00,16,10.12,Medium,Rainy,Chinese,R24,2023-01-01 18:21:00,53,2023-01-01 19:14:00,55.599999999999994,69.0,13.400000000000006
O1098,Zone A,Zone C,2023-01-01 18:10:00,7,1.41,Medium,Clear,North Indian,R40,2023-01-01 18:17:00,8,2023-01-01 18:25:00,12.05,15.0,2.9499999999999993
O1099,Zone A,Zone A,2023-01-01 18:15:00,7,7.56,Medium,Clear,Fast Food,R26,2023-01-01 18:22:00,39,2023-01-01 19:01:00,42.8,46.0,3.200000000000003
O1100,Zone C,Zone A,2023-01-01 18:20:00,5,3.53,Medium,Clear,Desserts,R46,2023-01-01 18:25:00,18,2023-01-01 18:43:00,22.65,23.0,0.3500000000000014
O1101,Zone C,Zone C,2023-01-01 18:25:00,12,2.33,Low,Windy,North Indian,R40,2023-01-01 18:37:00,9,2023-01-01 18:46:00,16.65,21.0,4.350000000000001
O1102,Zone C,Zone A,2023-01-01 18:30:00,10,1.85,Medium,Rainy,North Indian,R44,2023-01-01 18:40:00,11,2023-01-01 18:51:00,14.25,21.0,6.75
O1103,Zone A,Zone C,2023-01-01 18:35:00,16,8.66,Low,Clear,North Indian,R12,2023-01-01 18:51:00,27,2023-01-01 19:18:00,48.3,43.0,-5.299999999999997
O1104,Zone C,Zone A,2023-01-01 18:40:00,17,4.74,Low,Clear,North Indian,R47,2023-01-01 18:57:00,15,2023-01-01 19:12:00,28.700000000000003,32.0,3.299999999999997
O1105,Zone C,Zone A,2023-01-01 18:45:00,12,8.97,Medium,Clear,Chinese,R6,2023-01-01 18:57:00,48,2023-01-01 19:45:00,49.85,60.0,10.149999999999999
O1106,Zone A,Zone B,2023-01-01 18:50:00,15,1.72,Low,Clear,Chinese,R11,2023-01-01 19:05:00,5,2023-01-01 19:10:00,13.6,20.0,6.4
O1107,Zone C,Zone B,2023-01-01 18:55:00,13,4.47,Medium,Clear,Chinese,R18,2023-01-01 19:08:00,24,2023-01-01 19:32:00,27.349999999999998,37.0,9.650000000000002
O1108,Zone A,Zone C,2023-01-01 19:00:00,9,6.93,Medium,Rainy,Desserts,R4,2023-01-01 19:09:00,37,2023-01-01 19:46:00,39.65,46.0,6.350000000000001
O1109,Zone B,Zone B,2023-01-01 19:05:00,18,9.7,Low,Clear,Desserts,R4,2023-01-01 19:23:00,27,2023-01-01 19:50:00,53.5,45.0,-8.5
O1110,Zone C,Zone C,2023-01-01 19:10:00,16,4.51,Medium,Clear,Desserts,R23,2023-01-01 19:26:00,25,2023-01-01 19:51:00,27.549999999999997,41.0,13.450000000000003
O1111,Zone B,Zone B,2023-01-01 19:15:00,18,7.88,Low,Clear,South Indian,R16,2023-01-01 19:33:00,25,2023-01-01 19:58:00,44.4,43.0,-1.3999999999999986
O1112,Zone A,Zone A,2023-01-01 19:20:00,7,10.75,High,Rainy,Desserts,R32,2023-01-01 19:27:00,77,2023-01-01 20:44:00,58.75,84.0,25.25
O1113,Zone C,Zone C,2023-01-01 19:25:00,9,7.77,Medium,Rainy,Chinese,R34,2023-01-01 19:34:00,40,2023-01-01 20:14:00,43.849999999999994,49.0,5.150000000000006
O1114,Zone A,Zone C,2023-01-01 19:30:00,9,3.56,High,Clear,Chinese,R49,2023-01-01 19:39:00,27,2023-01-01 20:06:00,22.8,36.0,13.2
O1115,Zone B,Zone A,2023-01-01 19:35:00,9,1.27,Medium,Rainy,South Indian,R28,2023-01-01 19:44:00,8,2023-01-01 19:52:00,11.35,17.0,5.65
O1116,Zone A,Zone C,2023-01-01 19:40:00,7,10.57,Low,Clear,South Indian,R11,2023-01-01 19:47:00,33,2023-01-01 20:20:00,57.85,40.0,-17.85
O1117,Zone C,Zone C,2023-01-01 19:45:00,15,1.23,Medium,Clear,Desserts,R41,2023-01-01 20:00:00,7,2023-01-01 20:07:00,11.15,22.0,10.85
O1118,Zone C,Zone B,2023-01-01 19:50:00,18,10.62,High,Clear,Fast Food,R42,2023-01-01 20:08:00,78,2023-01-01 21:26:00,58.099999999999994,96.0,37.900000000000006
O1119,Zone B,Zone C,2023-01-01 19:55:00,14,6.82,Medium,Clear,South Indian,R34,2023-01-01 20:09:00,36,2023-01-01 20:45:00,39.1,50.0,10.899999999999999
O1120,Zone A,Zone A,2023-01-01 20:00:00,18,11.33,High,Clear,North Indian,R46,2023-01-01 20:18:00,83,2023-01-01 21:41:00,61.65,101.0,39.35
O1121,Zone C,Zone B,2023-01-01 20:05:00,8,9.79,High,Windy,Chinese,R5,2023-01-01 20:13:00,72,2023-01-01 21:25:00,53.949999999999996,80.0,26.050000000000004
O1122,Zone B,Zone B,2023-01-01 20:10:00,13,11.98,Low,Rainy,North Indian,R43,2023-01-01 20:23:00,36,2023-01-01 20:59:00,64.9,49.0,-15.900000000000006
O1123,Zone C,Zone A,2023-01-01 20:15:00,17,4.86,Low,Rainy,Chinese,R11,2023-01-01 20:32:00,15,2023-01-01 20:47:00,29.3,32.0,2.6999999999999993
O1124,Zone C,Zone A,2023-01-01 20:20:00,14,9.44,Medium,Clear,Chinese,R25,2023-01-01 20:34:00,48,2023-01-01 21:22:00,52.199999999999996,62.0,9.800000000000004
O1125,Zone A,Zone B,2023-01-01 20:25:00,13,5.42,Medium,Clear,South Indian,R1,2023-01-01 20:38:00,29,2023-01-01 21:07:00,32.1,42.0,9.899999999999999
O1126,Zone C,Zone C,2023-01-01 20:30:00,6,6.28,High,Rainy,South Indian,R18,2023-01-01 20:36:00,46,2023-01-01 21:22:00,36.400000000000006,52.0,15.599999999999994
O1127,Zone A,Zone B,2023-01-01 20:35:00,12,7.9,High,Clear,North Indian,R28,2023-01-01 20:47:00,57,2023-01-01 21:44:00,44.5,69.0,24.5
O1128,Zone C,Zone A,2023-01-01 20:40:00,12,10.61,Medium,Clear,Chinese,R32,2023-01-01 20:52:00,56,2023-01-01 21:48:00,58.05,68.0,9.950000000000003
O1129,Zone B,Zone B,2023-01-01 20:45:00,11,11.82,Low,Clear,North Indian,R28,2023-01-01 20:56:00,38,2023-01-01 21:34:00,64.1,49.0,-15.099999999999994
O1130,Zone C,Zone A,2023-01-01 20:50:00,12,9.45,Medium,Rainy,Fast Food,R34,2023-01-01 21:02:00,50,2023-01-01 21:52:00,52.25,62.0,9.75
O1131,Zone A,Zone B,2023-01-01 20:55:00,18,5.6,Low,Clear,North Indian,R10,2023-01-01 21:13:00,18,2023-01-01 21:31:00,33.0,36.0,3.0
O1132,Zone A,Zone C,2023-01-01 21:00:00,7,5.63,High,Clear,Desserts,R50,2023-01-01 21:07:00,40,2023-01-01 21:47:00,33.15,47.0,13.850000000000001
O1133,Zone B,Zone B,2023-01-01 21:05:00,17,9.11,Medium,Rainy,North Indian,R6,2023-01-01 21:22:00,47,2023-01-01 22:09:00,50.55,64.0,13.450000000000003
O1134,Zone C,Zone B,2023-01-01 21:10:00,10,3.63,Medium,Clear,Desserts,R7,2023-01-01 21:20:00,20,2023-01-01 21:40:00,23.15,30.0,6.850000000000001
O1135,Zone C,Zone A,2023-01-01 21:15:00,5,2.22,Low,Clear,Desserts,R43,2023-01-01 21:20:00,8,2023-01-01 21:28:00,16.1,13.0,-3.1000000000000014
O1136,Zone B,Zone A,2023-01-01 21:20:00,11,4.9,Medium,Clear,Desserts,R5,2023-01-01 21:31:00,25,2023-01-01 21:56:00,29.5,36.0,6.5
O1137,Zone C,Zone A,2023-01-01 21:25:00,19,4.16,Medium,Clear,Fast Food,R1,2023-01-01 21:44:00,23,2023-01-01 22:07:00,25.8,42.0,16.2
O1138,Zone C,Zone B,2023-01-01 21:30:00,19,4.26,Medium,Rainy,North Indian,R14,2023-01-01 21:49:00,22,2023-01-01 22:11:00,26.299999999999997,41.0,14.700000000000003
O1139,Zone A,Zone C,2023-01-01 21:35:00,5,3.57,Low,Clear,North Indian,R24,2023-01-01 21:40:00,12,2023-01-01 21:52:00,22.849999999999998,17.0,-5.849999999999998
O1140,Zone C,Zone A,2023-01-01 21:40:00,13,1.46,Medium,Clear,Fast Food,R49,2023-01-01 21:53:00,9,2023-01-01 22:02:00,12.3,22.0,9.7
O1141,Zone C,Zone A,2023-01-01 21:45:00,5,1.2,High,Rainy,Chinese,R5,2023-01-01 21:50:00,10,2023-01-01 22:00:00,11.0,15.0,4.0
O1142,Zone B,Zone B,2023-01-01 21:50:00,5,11.86,Low,Rainy,South Indian,R46,2023-01-01 21:55:00,37,2023-01-01 22:32:00,64.3,42.0,-22.299999999999997
O1143,Zone B,Zone A,2023-01-01 21:55:00,19,5.71,Low,Rainy,North Indian,R27,2023-01-01 22:14:00,17,2023-01-01 22:31:00,33.55,36.0,2.450000000000003
O1144,Zone A,Zone C,2023-01-01 22:00:00,11,5.23,Low,Clear,South Indian,R33,2023-01-01 22:11:00,17,2023-01-01 22:28:00,31.150000000000002,28.0,-3.150000000000002
O1145,Zone C,Zone C,2023-01-01 22:05:00,6,8.48,Medium,Clear,Fast Food,R38,2023-01-01 22:11:00,45,2023-01-01 22:56:00,47.400000000000006,51.0,3.5999999999999943
O1146,Zone C,Zone A,2023-01-01 22:10:00,18,3.4,Medium,Windy,Chinese,R45,2023-01-01 22:28:00,19,2023-01-01 22:47:00,22.0,37.0,15.0
O1147,Zone C,Zone A,2023-01-01 22:15:00,9,11.45,Medium,Rainy,Chinese,R5,2023-01-01 22:24:00,60,2023-01-01 23:24:00,62.25,69.0,6.75
O1148,Zone A,Zone B,2023-01-01 22:20:00,12,9.65,Low,Clear,Chinese,R42,2023-01-01 22:32:00,30,2023-01-01 23:02:00,53.25,42.0,-11.25
O1149,Zone A,Zone C,2023-01-01 22:25:00,12,1.98,Medium,Clear,Fast Food,R29,2023-01-01 22:37:00,10,2023-01-01 22:47:00,14.9,22.0,7.1
O1150,Zone B,Zone C,2023-01-01 22:30:00,7,5.59,Medium,Clear,Desserts,R24,2023-01-01 22:37:00,29,2023-01-01 23:06:00,32.95,36.0,3.049999999999997
O1151,Zone A,Zone A,2023-01-01 22:35:00,11,10.67,Medium,Windy,Desserts,R13,2023-01-01 22:46:00,54,2023-01-01 23:40:00,58.35,65.0,6.649999999999999
O1152,Zone C,Zone B,2023-01-01 22:40:00,7,11.39,High,Clear,South Indian,R39,2023-01-01 22:47:00,81,2023-01-02 00:08:00,61.95,88.0,26.049999999999997
O1153,Zone C,Zone C,2023-01-01 22:45:00,10,6.14,Low,Clear,Desserts,R28,2023-01-01 22:55:00,20,2023-01-01 23:15:00,35.7,30.0,-5.700000000000003
O1154,Zone A,Zone C,2023-01-01 22:50:00,10,7.75,Medium,Clear,Desserts,R43,2023-01-01 23:00:00,40,2023-01-01 23:40:00,43.75,50.0,6.25
O1155,Zone C,Zone B,2023-01-01 22:55:00,7,2.84,Medium,Rainy,Chinese,R33,2023-01-01 23:02:00,14,2023-01-01 23:16:00,19.2,21.0,1.8000000000000007
O1156,Zone C,Zone B,2023-01-01 23:00:00,11,11.9,Medium,Rainy,Chinese,R16,2023-01-01 23:11:00,60,2023-01-02 00:11:00,64.5,71.0,6.5
O1157,Zone A,Zone C,2023-01-01 23:05:00,7,3.55,Medium,Clear,South Indian,R21,2023-01-01 23:12:00,20,2023-01-01 23:32:00,22.75,27.0,4.25
O1158,Zone A,Zone C,2023-01-01 23:10:00,12,11.37,Medium,Rainy,North Indian,R9,2023-01-01 23:22:00,59,2023-01-02 00:21:00,61.849999999999994,71.0,9.150000000000006
O1159,Zone C,Zone B,2023-01-01 23:15:00,14,8.15,High,Windy,South Indian,R12,2023-01-01 23:29:00,59,2023-01-02 00:28:00,45.75,73.0,27.25
O1160,Zone C,Zone C,2023-01-01 23:20:00,8,7.69,Low,Clear,South Indian,R21,2023-01-01 23:28:00,25,2023-01-01 23:53:00,43.45,33.0,-10.450000000000003
O1161,Zone C,Zone A,2023-01-01 23:25:00,19,6.64,Low,Clear,Fast Food,R17,2023-01-01 23:44:00,21,2023-01-02 00:05:00,38.199999999999996,40.0,1.8000000000000043
O1162,Zone B,Zone A,2023-01-01 23:30:00,19,3.54,Medium,Clear,Fast Food,R8,2023-01-01 23:49:00,20,2023-01-02 00:09:00,22.7,39.0,16.3
O1163,Zone B,Zone B,2023-01-01 23:35:00,17,2.94,Medium,Rainy,South Indian,R13,2023-01-01 23:52:00,16,2023-01-02 00:08:00,19.7,33.0,13.3
O1164,Zone B,Zone B,2023-01-01 23:40:00,5,3.43,Low,Clear,South Indian,R44,2023-01-01 23:45:00,12,2023-01-01 23:57:00,22.150000000000002,17.0,-5.150000000000002
O1165,Zone A,Zone B,2023-01-01 23:45:00,8,3.05,Low,Rainy,South Indian,R15,2023-01-01 23:53:00,10,2023-01-02 00:03:00,20.25,18.0,-2.25
O1166,Zone B,Zone A,2023-01-01 23:50:00,18,9.58,Low,Rainy,Desserts,R21,2023-01-02 00:08:00,30,2023-01-02 00:38:00,52.9,48.0,-4.899999999999999
O1167,Zone A,Zone C,2023-01-01 23:55:00,11,4.85,High,Clear,Fast Food,R26,2023-01-02 00:06:00,36,2023-01-02 00:42:00,29.25,47.0,17.75
O1168,Zone A,Zone A,2023-01-02 00:00:00,15,1.64,Low,Windy,South Indian,R38,2023-01-02 00:15:00,7,2023-01-02 00:22:00,13.2,22.0,8.8
O1169,Zone B,Zone C,2023-01-02 00:05:00,8,11.66,Medium,Clear,Chinese,R14,2023-01-02 00:13:00,59,2023-01-02 01:12:00,63.3,67.0,3.700000000000003
O1170,Zone B,Zone A,2023-01-02 00:10:00,17,10.72,Low,Clear,Chinese,R18,2023-01-02 00:27:00,34,2023-01-02 01:01:00,58.6,51.0,-7.600000000000001
O1171,Zone B,Zone C,2023-01-02 00:15:00,10,11.21,Medium,Rainy,Desserts,R19,2023-01-02 00:25:00,56,2023-01-02 01:21:00,61.050000000000004,66.0,4.949999999999996
O1172,Zone C,Zone A,2023-01-02 00:20:00,13,11.94,Low,Rainy,Desserts,R7,2023-01-02 00:33:00,37,2023-01-02 01:10:00,64.69999999999999,50.0,-14.699999999999989
O1173,Zone B,Zone B,2023-01-02 00:25:00,5,2.91,Medium,Clear,North Indian,R9,2023-01-02 00:30:00,15,2023-01-02 00:45:00,19.55,20.0,0.4499999999999993
O1174,Zone C,Zone A,2023-01-02 00:30:00,17,5.36,Low,Rainy,North Indian,R6,2023-01-02 00:47:00,19,2023-01-02 01:06:00,31.8,36.0,4.199999999999999
O1175,Zone A,Zone C,2023-01-02 00:35:00,9,9.34,High,Windy,North Indian,R18,2023-01-02 00:44:00,67,2023-01-02 01:51:00,51.7,76.0,24.299999999999997
O1176,Zone C,Zone A,2023-01-02 00:40:00,15,8.66,Low,Clear,Desserts,R48,2023-01-02 00:55:00,28,2023-01-02 01:23:00,48.3,43.0,-5.299999999999997
O1177,Zone B,Zone A,2023-01-02 00:45:00,11,2.69,Medium,Windy,Desserts,R28,2023-01-02 00:56:00,17,2023-01-02 01:13:00,18.45,28.0,9.55
O1178,Zone A,Zone A,2023-01-02 00:50:00,5,9.97,High,Clear,Desserts,R46,2023-01-02 00:55:00,70,2023-01-02 02:05:00,54.85,75.0,20.15
O1179,Zone A,Zone B,2023-01-02 00:55:00,18,3.47,Medium,Clear,Chinese,R47,2023-01-02 01:13:00,19,2023-01-02 01:32:00,22.35,37.0,14.649999999999999
O1180,Zone A,Zone A,2023-01-02 01:00:00,8,3.46,Medium,Clear,Desserts,R2,2023-01-02 01:08:00,18,2023-01-02 01:26:00,22.3,26.0,3.6999999999999993
O1181,Zone C,Zone B,2023-01-02 01:05:00,10,6.91,Medium,Rainy,Chinese,R33,2023-01-02 01:15:00,36,2023-01-02 01:51:00,39.55,46.0,6.450000000000003
O1182,Zone B,Zone B,2023-01-02 01:10:00,6,7.52,Medium,Rainy,North Indian,R39,2023-01-02 01:16:00,41,2023-01-02 01:57:00,42.599999999999994,47.0,4.400000000000006
O1183,Zone A,Zone A,2023-01-02 01:15:00,14,7.38,Medium,Clear,North Indian,R48,2023-01-02 01:29:00,38,2023-01-02 02:07:00,41.9,52.0,10.100000000000001
O1184,Zone A,Zone A,2023-01-02 01:20:00,9,2.01,High,Clear,North Indian,R18,2023-01-02 01:29:00,15,2023-01-02 01:44:00,15.049999999999999,24.0,8.950000000000001
O1185,Zone A,Zone A,2023-01-02 01:25:00,15,10.65,Medium,Rainy,South Indian,R45,2023-01-02 01:40:00,55,2023-01-02 02:35:00,58.25,70.0,11.75
O1186,Zone C,Zone C,2023-01-02 01:30:00,14,3.92,Medium,Clear,South Indian,R11,2023-01-02 01:44:00,23,2023-01-02 02:07:00,24.6,37.0,12.399999999999999
O1187,Zone C,Zone A,2023-01-02 01:35:00,5,2.42,Medium,Rainy,Fast Food,R32,2023-01-02 01:40:00,14,2023-01-02 01:54:00,17.1,19.0,1.8999999999999986
O1188,Zone B,Zone B,2023-01-02 01:40:00,10,10.78,Medium,Rainy,Fast Food,R16,2023-01-02 01:50:00,54,2023-01-02 02:44:00,58.9,64.0,5.100000000000001
O1189,Zone C,Zone A,2023-01-02 01:45:00,10,11.51,Low,Clear,Fast Food,R6,2023-01-02 01:55:00,37,2023-01-02 02:32:00,62.55,47.0,-15.549999999999997
O1190,Zone A,Zone C,2023-01-02 01:50:00,17,10.48,Medium,Windy,South Indian,R28,2023-01-02 02:07:00,52,2023-01-02 02:59:00,57.400000000000006,69.0,11.599999999999994
O1191,Zone B,Zone A,2023-01-02 01:55:00,19,9.9,High,Clear,South Indian,R26,2023-01-02 02:14:00,73,2023-01-02 03:27:00,54.5,92.0,37.5
O1192,Zone A,Zone C,2023-01-02 02:00:00,19,8.21,Low,Windy,Fast Food,R8,2023-01-02 02:19:00,27,2023-01-02 02:46:00,46.050000000000004,46.0,-0.05000000000000426
O1193,Zone A,Zone C,2023-01-02 02:05:00,8,7.06,Medium,Rainy,Fast Food,R39,2023-01-02 02:13:00,39,2023-01-02 02:52:00,40.3,47.0,6.700000000000003
O1194,Zone C,Zone A,2023-01-02 02:10:00,17,1.96,Low,Rainy,Desserts,R31,2023-01-02 02:27:00,6,2023-01-02 02:33:00,14.8,23.0,8.2
O1195,Zone B,Zone B,2023-01-02 02:15:00,12,5.49,Medium,Clear,Fast Food,R18,2023-01-02 02:27:00,29,2023-01-02 02:56:00,32.45,41.0,8.549999999999997
O1196,Zone C,Zone C,2023-01-02 02:20:00,8,5.1,Low,Rainy,Desserts,R41,2023-01-02 02:28:00,17,2023-01-02 02:45:00,30.5,25.0,-5.5
O1197,Zone C,Zone A,2023-01-02 02:25:00,12,3.86,Medium,Clear,Chinese,R4,2023-01-02 02:37:00,20,2023-01-02 02:57:00,24.3,32.0,7.699999999999999
O1198,Zone B,Zone A,2023-01-02 02:30:00,19,8.96,Medium,Clear,South Indian,R27,2023-01-02 02:49:00,45,2023-01-02 03:34:00,49.800000000000004,64.0,14.199999999999996
O1199,Zone A,Zone B,2023-01-02 02:35:00,17,6.45,Medium,Clear,Fast Food,R31,2023-01-02 02:52:00,34,2023-01-02 03:26:00,37.25,51.0,13.75
O1200,Zone A,Zone C,2023-01-02 02:40:00,12,1.89,Medium,Clear,South Indian,R10,2023-01-02 02:52:00,12,2023-01-02 03:04:00,14.45,24.0,9.55
O1201,Zone B,Zone C,2023-01-02 02:45:00,9,3.42,Medium,Clear,South Indian,R40,2023-01-02 02:54:00,20,2023-01-02 03:14:00,22.1,29.0,6.899999999999999
O1202,Zone A,Zone A,2023-01-02 02:50:00,17,8.52,High,Rainy,South Indian,R10,2023-01-02 03:07:00,61,2023-01-02 04:08:00,47.599999999999994,78.0,30.400000000000006
O1203,Zone B,Zone A,2023-01-02 02:55:00,19,1.84,Low,Rainy,Chinese,R46,2023-01-02 03:14:00,7,2023-01-02 03:21:00,14.200000000000001,26.0,11.799999999999999
O1204,Zone B,Zone B,2023-01-02 03:00:00,8,10.36,Medium,Clear,North Indian,R34,2023-01-02 03:08:00,52,2023-01-02 04:00:00,56.8,60.0,3.200000000000003
O1205,Zone C,Zone B,2023-01-02 03:05:00,16,6.45,Low,Rainy,Fast Food,R19,2023-01-02 03:21:00,22,2023-01-02 03:43:00,37.25,38.0,0.75
O1206,Zone B,Zone C,2023-01-02 03:10:00,17,6.29,High,Clear,North Indian,R10,2023-01-02 03:27:00,46,2023-01-02 04:13:00,36.45,63.0,26.549999999999997
O1207,Zone C,Zone C,2023-01-02 03:15:00,6,7.52,High,Rainy,North Indian,R4,2023-01-02 03:21:00,55,2023-01-02 04:16:00,42.599999999999994,61.0,18.400000000000006
O1208,Zone A,Zone A,2023-01-02 03:20:00,15,10.07,Medium,Rainy,North Indian,R25,2023-01-02 03:35:00,53,2023-01-02 04:28:00,55.35,68.0,12.649999999999999
O1209,Zone A,Zone C,2023-01-02 03:25:00,19,4.83,High,Clear,South Indian,R45,2023-01-02 03:44:00,37,2023-01-02 04:21:00,29.15,56.0,26.85
O1210,Zone A,Zone B,2023-01-02 03:30:00,7,8.46,Medium,Rainy,Desserts,R27,2023-01-02 03:37:00,43,2023-01-02 04:20:00,47.300000000000004,50.0,2.6999999999999957
O1211,Zone A,Zone B,2023-01-02 03:35:00,7,7.22,Medium,Clear,South Indian,R49,2023-01-02 03:42:00,38,2023-01-02 04:20:00,41.1,45.0,3.8999999999999986
O1212,Zone C,Zone A,2023-01-02 03:40:00,8,3.94,Low,Clear,South Indian,R48,2023-01-02 03:48:00,13,2023-01-02 04:01:00,24.7,21.0,-3.6999999999999993
O1213,Zone A,Zone B,2023-01-02 03:45:00,8,10.66,Medium,Rainy,North Indian,R25,2023-01-02 03:53:00,57,2023-01-02 04:50:00,58.3,65.0,6.700000000000003
O1214,Zone B,Zone B,2023-01-02 03:50:00,14,9.77,Low,Clear,South Indian,R18,2023-01-02 04:04:00,30,2023-01-02 04:34:00,53.849999999999994,44.0,-9.849999999999994
O1215,Zone B,Zone B,2023-01-02 03:55:00,15,8.24,High,Clear,North Indian,R40,2023-01-02 04:10:00,60,2023-01-02 05:10:00,46.2,75.0,28.799999999999997
O1216,Zone B,Zone B,2023-01-02 04:00:00,15,10.36,Medium,Clear,Desserts,R26,2023-01-02 04:15:00,54,2023-01-02 05:09:00,56.8,69.0,12.200000000000003
O1217,Zone C,Zone A,2023-01-02 04:05:00,9,10.54,Medium,Rainy,Fast Food,R36,2023-01-02 04:14:00,54,2023-01-02 05:08:00,57.699999999999996,63.0,5.300000000000004
O1218,Zone A,Zone A,2023-01-02 04:10:00,8,8.79,Low,Clear,North Indian,R3,2023-01-02 04:18:00,28,2023-01-02 04:46:00,48.949999999999996,36.0,-12.949999999999996
O1219,Zone A,Zone C,2023-01-02 04:15:00,15,10.21,Medium,Clear,Desserts,R5,2023-01-02 04:30:00,54,2023-01-02 05:24:00,56.050000000000004,69.0,12.949999999999996
O1220,Zone A,Zone B,2023-01-02 04:20:00,18,8.67,Low,Rainy,Fast Food,R3,2023-01-02 04:38:00,28,2023-01-02 05:06:00,48.35,46.0,-2.3500000000000014
O1221,Zone C,Zone C,2023-01-02 04:25:00,14,8.48,Medium,Rainy,Chinese,R46,2023-01-02 04:39:00,42,2023-01-02 05:21:00,47.400000000000006,56.0,8.599999999999994
O1222,Zone B,Zone A,2023-01-02 04:30:00,12,7.8,Low,Clear,North Indian,R33,2023-01-02 04:42:00,26,2023-01-02 05:08:00,44.0,38.0,-6.0
O1223,Zone B,Zone A,2023-01-02 04:35:00,10,9.28,High,Clear,North Indian,R32,2023-01-02 04:45:00,67,2023-01-02 05:52:00,51.4,77.0,25.6
O1224,Zone A,Zone A,2023-01-02 04:40:00,10,2.74,Medium,Clear,Chinese,R30,2023-01-02 04:50:00,16,2023-01-02 05:06:00,18.700000000000003,26.0,7.299999999999997
O1225,Zone B,Zone A,2023-01-02 04:45:00,12,10.69,Medium,Clear,Chinese,R14,2023-01-02 04:57:00,54,2023-01-02 05:51:00,58.449999999999996,66.0,7.550000000000004
O1226,Zone B,Zone A,2023-01-02 04:50:00,11,10.59,Medium,Clear,North Indian,R36,2023-01-02 05:01:00,53,2023-01-02 05:54:00,57.95,64.0,6.049999999999997
O1227,Zone C,Zone A,2023-01-02 04:55:00,19,1.32,Medium,Rainy,Chinese,R25,2023-01-02 05:14:00,6,2023-01-02 05:20:00,11.600000000000001,25.0,13.399999999999999
O1228,Zone C,Zone A,2023-01-02 05:00:00,14,10.08,Medium,Rainy,South Indian,R24,2023-01-02 05:14:00,52,2023-01-02 06:06:00,55.4,66.0,10.600000000000001
O1229,Zone C,Zone B,2023-01-02 05:05:00,18,2.42,Medium,Rainy,Fast Food,R26,2023-01-02 05:23:00,12,2023-01-02 05:35:00,17.1,30.0,12.899999999999999
O1230,Zone C,Zone C,2023-01-02 05:10:00,15,4.69,High,Clear,Fast Food,R3,2023-01-02 05:25:00,33,2023-01-02 05:58:00,28.450000000000003,48.0,19.549999999999997
O1231,Zone A,Zone A,2023-01-02 05:15:00,16,9.18,Medium,Rainy,Fast Food,R5,2023-01-02 05:31:00,49,2023-01-02 06:20:00,50.9,65.0,14.100000000000001
O1232,Zone C,Zone B,2023-01-02 05:20:00,14,2.77,High,Clear,South Indian,R48,2023-01-02 05:34:00,22,2023-01-02 05:56:00,18.85,36.0,17.15
O1233,Zone B,Zone B,2023-01-02 05:25:00,17,10.0,High,Windy,Chinese,R17,2023-01-02 05:42:00,71,2023-01-02 06:53:00,55.0,88.0,33.0
O1234,Zone A,Zone C,2023-01-02 05:30:00,12,10.15,Low,Rainy,Desserts,R37,2023-01-02 05:42:00,32,2023-01-02 06:14:00,55.75,44.0,-11.75
O1235,Zone B,Zone A,2023-01-02 05:35:00,18,6.58,High,Clear,Chinese,R6,2023-01-02 05:53:00,45,2023-01-02 06:38:00,37.9,63.0,25.1
O1236,Zone B,Zone C,2023-01-02 05:40:00,6,1.07,Low,Rainy,North Indian,R48,2023-01-02 05:46:00,6,2023-01-02 05:52:00,10.350000000000001,12.0,1.6499999999999986
O1237,Zone B,Zone A,2023-01-02 05:45:00,13,4.16,High,Clear,Fast Food,R26,2023-01-02 05:58:00,30,2023-01-02 06:28:00,25.8,43.0,17.2
O1238,Zone C,Zone B,2023-01-02 05:50:00,5,7.79,Medium,Rainy,Chinese,R43,2023-01-02 05:55:00,41,2023-01-02 06:36:00,43.95,46.0,2.049999999999997
O1239,Zone C,Zone B,2023-01-02 05:55:00,19,11.79,High,Clear,Desserts,R37,2023-01-02 06:14:00,82,2023-01-02 07:36:00,63.949999999999996,101.0,37.050000000000004
O1240,Zone A,Zone B,2023-01-02 06:00:00,12,7.95,High,Clear,North Indian,R40,2023-01-02 06:12:00,58,2023-01-02 07:10:00,44.75,70.0,25.25
O1241,Zone A,Zone B,2023-01-02 06:05:00,16,3.86,High,Rainy,South Indian,R35,2023-01-02 06:21:00,28,2023-01-02 06:49:00,24.3,44.0,19.7
O1242,Zone C,Zone C,2023-01-02 06:10:00,15,7.97,Medium,Clear,South Indian,R48,2023-01-02 06:25:00,40,2023-01-02 07:05:00,44.85,55.0,10.149999999999999
O1243,Zone B,Zone A,2023-01-02 06:15:00,16,6.94,Medium,Rainy,Desserts,R12,2023-01-02 06:31:00,36,2023-01-02 07:07:00,39.7,52.0,12.299999999999997
O1244,Zone A,Zone A,2023-01-02 06:20:00,16,9.58,Low,Clear,North Indian,R46,2023-01-02 06:36:00,30,2023-01-02 07:06:00,52.9,46.0,-6.899999999999999
O1245,Zone C,Zone C,2023-01-02 06:25:00,8,2.18,Medium,Rainy,Fast Food,R9,2023-01-02 06:33:00,13,2023-01-02 06:46:00,15.9,21.0,5.1
O1246,Zone C,Zone A,2023-01-02 06:30:00,8,9.37,Low,Rainy,Chinese,R24,2023-01-02 06:38:00,29,2023-01-02 07:07:00,51.849999999999994,37.0,-14.849999999999994
O1247,Zone C,Zone B,2023-01-02 06:35:00,9,6.95,Medium,Clear,North Indian,R8,2023-01-02 06:44:00,38,2023-01-02 07:22:00,39.75,47.0,7.25
O1248,Zone B,Zone A,2023-01-02 06:40:00,12,11.59,Medium,Clear,South Indian,R6,2023-01-02 06:52:00,60,2023-01-02 07:52:00,62.95,72.0,9.049999999999997
O1249,Zone C,Zone B,2023-01-02 06:45:00,9,4.76,High,Clear,Desserts,R9,2023-01-02 06:54:00,36,2023-01-02 07:30:00,28.799999999999997,45.0,16.200000000000003
O1250,Zone C,Zone C,2023-01-02 06:50:00,12,7.96,Medium,Clear,Desserts,R5,2023-01-02 07:02:00,41,2023-01-02 07:43:00,44.8,53.0,8.200000000000003
O1251,Zone C,Zone A,2023-01-02 06:55:00,19,11.25,High,Clear,Chinese,R48,2023-01-02 07:14:00,82,2023-01-02 08:36:00,61.25,101.0,39.75
O1252,Zone C,Zone C,2023-01-02 07:00:00,14,2.13,Low,Rainy,Desserts,R48,2023-01-02 07:14:00,7,2023-01-02 07:21:00,15.649999999999999,21.0,5.350000000000001
O1253,Zone A,Zone A,2023-01-02 07:05:00,5,11.31,High,Windy,Desserts,R6,2023-01-02 07:10:00,81,2023-01-02 08:31:00,61.550000000000004,86.0,24.449999999999996
O1254,Zone A,Zone B,2023-01-02 07:10:00,16,8.57,High,Rainy,North Indian,R26,2023-01-02 07:26:00,61,2023-01-02 08:27:00,47.85,77.0,29.15
O1255,Zone C,Zone C,2023-01-02 07:15:00,19,1.75,Medium,Rainy,Fast Food,R38,2023-01-02 07:34:00,12,2023-01-02 07:46:00,13.75,31.0,17.25
O1256,Zone B,Zone A,2023-01-02 07:20:00,14,4.31,Medium,Rainy,Chinese,R11,2023-01-02 07:34:00,25,2023-01-02 07:59:00,26.549999999999997,39.0,12.450000000000003
O1257,Zone A,Zone B,2023-01-02 07:25:00,13,8.79,Medium,Rainy,North Indian,R9,2023-01-02 07:38:00,45,2023-01-02 08:23:00,48.949999999999996,58.0,9.050000000000004
O1258,Zone C,Zone C,2023-01-02 07:30:00,10,1.74,Low,Clear,Fast Food,R24,2023-01-02 07:40:00,5,2023-01-02 07:45:00,13.7,15.0,1.3000000000000007
O1259,Zone A,Zone C,2023-01-02 07:35:00,7,7.4,Medium,Windy,North Indian,R40,2023-01-02 07:42:00,39,2023-01-02 08:21:00,42.0,46.0,4.0
O1260,Zone A,Zone A,2023-01-02 07:40:00,17,4.8,Medium,Rainy,North Indian,R1,2023-01-02 07:57:00,24,2023-01-02 08:21:00,29.0,41.0,12.0
O1261,Zone B,Zone A,2023-01-02 07:45:00,18,7.83,Low,Clear,Desserts,R45,2023-01-02 08:03:00,27,2023-01-02 08:30:00,44.15,45.0,0.8500000000000014
O1262,Zone C,Zone A,2023-01-02 07:50:00,12,1.5,Medium,Clear,Fast Food,R7,2023-01-02 08:02:00,9,2023-01-02 08:11:00,12.5,21.0,8.5
O1263,Zone C,Zone B,2023-01-02 07:55:00,13,10.59,Low,Clear,Chinese,R49,2023-01-02 08:08:00,33,2023-01-02 08:41:00,57.95,46.0,-11.950000000000003
O1264,Zone B,Zone A,2023-01-02 08:00:00,10,11.71,Low,Clear,Chinese,R19,2023-01-02 08:10:00,36,2023-01-02 08:46:00,63.550000000000004,46.0,-17.550000000000004
O1265,Zone B,Zone C,2023-01-02 08:05:00,15,11.66,Low,Rainy,Fast Food,R29,2023-01-02 08:20:00,36,2023-01-02 08:56:00,63.3,51.0,-12.299999999999997
O1266,Zone C,Zone C,2023-01-02 08:10:00,11,9.25,High,Clear,Desserts,R41,2023-01-02 08:21:00,67,2023-01-02 09:28:00,51.25,78.0,26.75
O1267,Zone C,Zone A,2023-01-02 08:15:00,5,2.43,Medium,Clear,South Indian,R44,2023-01-02 08:20:00,13,2023-01-02 08:33:00,17.15,18.0,0.8500000000000014
O1268,Zone B,Zone A,2023-01-02 08:20:00,18,9.34,High,Windy,North Indian,R24,2023-01-02 08:38:00,67,2023-01-02 09:45:00,51.7,85.0,33.3
O1269,Zone A,Zone C,2023-01-02 08:25:00,9,1.27,Medium,Clear,Desserts,R16,2023-01-02 08:34:00,7,2023-01-02 08:41:00,11.35,16.0,4.65
O1270,Zone A,Zone B,2023-01-02 08:30:00,9,1.24,Medium,Clear,Fast Food,R4,2023-01-02 08:39:00,9,2023-01-02 08:48:00,11.2,18.0,6.800000000000001
O1271,Zone B,Zone A,2023-01-02 08:35:00,14,4.56,Medium,Clear,North Indian,R3,2023-01-02 08:49:00,25,2023-01-02 09:14:00,27.799999999999997,39.0,11.200000000000003
O1272,Zone A,Zone A,2023-01-02 08:40:00,18,6.38,Medium,Rainy,Chinese,R35,2023-01-02 08:58:00,33,2023-01-02 09:31:00,36.9,51.0,14.100000000000001
O1273,Zone B,Zone C,2023-01-02 08:45:00,8,9.47,Low,Windy,South Indian,R46,2023-01-02 08:53:00,31,2023-01-02 09:24:00,52.35,39.0,-13.350000000000001
O1274,Zone A,Zone A,2023-01-02 08:50:00,10,8.52,Medium,Clear,Chinese,R33,2023-01-02 09:00:00,44,2023-01-02 09:44:00,47.599999999999994,54.0,6.400000000000006
O1275,Zone A,Zone B,2023-01-02 08:55:00,11,5.9,Low,Rainy,Fast Food,R43,2023-01-02 09:06:00,20,2023-01-02 09:26:00,34.5,31.0,-3.5
O1276,Zone C,Zone C,2023-01-02 09:00:00,13,4.01,Medium,Clear,North Indian,R34,2023-01-02 09:13:00,20,2023-01-02 09:33:00,25.049999999999997,33.0,7.950000000000003
O1277,Zone C,Zone A,2023-01-02 09:05:00,5,11.97,Medium,Windy,Fast Food,R12,2023-01-02 09:10:00,62,2023-01-02 10:12:00,64.85,67.0,2.1500000000000057
O1278,Zone A,Zone C,2023-01-02 09:10:00,19,5.69,Low,Rainy,North Indian,R50,2023-01-02 09:29:00,18,2023-01-02 09:47:00,33.45,37.0,3.549999999999997
O1279,Zone A,Zone A,2023-01-02 09:15:00,10,5.97,Low,Rainy,Desserts,R46,2023-01-02 09:25:00,20,2023-01-02 09:45:00,34.849999999999994,30.0,-4.849999999999994
O1280,Zone C,Zone A,2023-01-02 09:20:00,11,2.8,Medium,Clear,South Indian,R39,2023-01-02 09:31:00,16,2023-01-02 09:47:00,19.0,27.0,8.0
O1281,Zone C,Zone A,2023-01-02 09:25:00,7,9.74,Medium,Windy,Desserts,R16,2023-01-02 09:32:00,50,2023-01-02 10:22:00,53.7,57.0,3.299999999999997
O1282,Zone C,Zone B,2023-01-02 09:30:00,12,8.63,Low,Rainy,Desserts,R10,2023-01-02 09:42:00,28,2023-01-02 10:10:00,48.150000000000006,40.0,-8.150000000000006
O1283,Zone B,Zone B,2023-01-02 09:35:00,19,3.43,High,Clear,Fast Food,R20,2023-01-02 09:54:00,25,2023-01-02 10:19:00,22.150000000000002,44.0,21.849999999999998
O1284,Zone A,Zone C,2023-01-02 09:40:00,9,1.91,Low,Rainy,South Indian,R23,2023-01-02 09:49:00,8,2023-01-02 09:57:00,14.549999999999999,17.0,2.450000000000001
O1285,Zone C,Zone A,2023-01-02 09:45:00,19,8.49,Medium,Clear,North Indian,R15,2023-01-02 10:04:00,45,2023-01-02 10:49:00,47.45,64.0,16.549999999999997
O1286,Zone A,Zone A,2023-01-02 09:50:00,13,8.2,High,Rainy,North Indian,R16,2023-01-02 10:03:00,57,2023-01-02 11:00:00,46.0,70.0,24.0
O1287,Zone B,Zone B,2023-01-02 09:55:00,9,4.01,Low,Clear,Chinese,R37,2023-01-02 10:04:00,13,2023-01-02 10:17:00,25.049999999999997,22.0,-3.049999999999997
O1288,Zone B,Zone A,2023-01-02 10:00:00,13,11.46,Low,Rainy,North Indian,R50,2023-01-02 10:13:00,35,2023-01-02 10:48:00,62.300000000000004,48.0,-14.300000000000004
O1289,Zone C,Zone B,2023-01-02 10:05:00,14,2.66,Low,Clear,Fast Food,R44,2023-01-02 10:19:00,8,2023-01-02 10:27:00,18.3,22.0,3.6999999999999993
O1290,Zone B,Zone A,2023-01-02 10:10:00,8,5.76,Medium,Clear,Desserts,R40,2023-01-02 10:18:00,30,2023-01-02 10:48:00,33.8,38.0,4.200000000000003
O1291,Zone A,Zone C,2023-01-02 10:15:00,13,11.38,Low,Clear,Desserts,R17,2023-01-02 10:28:00,37,2023-01-02 11:05:00,61.900000000000006,50.0,-11.900000000000006
O1292,Zone C,Zone A,2023-01-02 10:20:00,9,5.62,Medium,Clear,Desserts,R9,2023-01-02 10:29:00,31,2023-01-02 11:00:00,33.1,40.0,6.899999999999999
O1293,Zone A,Zone A,2023-01-02 10:25:00,14,8.02,Low,Clear,South Indian,R36,2023-01-02 10:39:00,26,2023-01-02 11:05:00,45.099999999999994,40.0,-5.099999999999994
O1294,Zone A,Zone B,2023-01-02 10:30:00,13,5.37,Medium,Clear,North Indian,R28,2023-01-02 10:43:00,28,2023-01-02 11:11:00,31.85,41.0,9.149999999999999
O1295,Zone B,Zone A,2023-01-02 10:35:00,7,4.02,High,Clear,Fast Food,R11,2023-01-02 10:42:00,30,2023-01-02 11:12:00,25.099999999999998,37.0,11.900000000000002
O1296,Zone B,Zone A,2023-01-02 10:40:00,19,11.82,High,Clear,South Indian,R11,2023-01-02 10:59:00,82,2023-01-02 12:21:00,64.1,101.0,36.900000000000006
O1297,Zone B,Zone B,2023-01-02 10:45:00,8,5.5,Medium,Clear,Chinese,R25,2023-01-02 10:53:00,28,2023-01-02 11:21:00,32.5,36.0,3.5
O1298,Zone B,Zone C,2023-01-02 10:50:00,13,10.84,Medium,Rainy,Fast Food,R8,2023-01-02 11:03:00,53,2023-01-02 11:56:00,59.2,66.0,6.799999999999997
O1299,Zone B,Zone C,2023-01-02 10:55:00,14,3.53,Medium,Clear,Fast Food,R49,2023-01-02 11:09:00,18,2023-01-02 11:27:00,22.65,32.0,9.350000000000001
O1300,Zone C,Zone B,2023-01-02 11:00:00,15,3.34,Medium,Windy,Fast Food,R10,2023-01-02 11:15:00,17,2023-01-02 11:32:00,21.7,32.0,10.3
O1301,Zone A,Zone B,2023-01-02 11:05:00,10,1.34,Medium,Rainy,Desserts,R17,2023-01-02 11:15:00,10,2023-01-02 11:25:00,11.7,20.0,8.3
O1302,Zone A,Zone B,2023-01-02 11:10:00,6,8.17,Low,Rainy,Fast Food,R28,2023-01-02 11:16:00,23,2023-01-02 11:39:00,45.85,29.0,-16.85
O1303,Zone A,Zone B,2023-01-02 11:15:00,11,5.05,High,Clear,North Indian,R4,2023-01-02 11:26:00,36,2023-01-02 12:02:00,30.25,47.0,16.75
O1304,Zone A,Zone B,2023-01-02 11:20:00,6,10.51,Medium,Rainy,Fast Food,R36,2023-01-02 11:26:00,55,2023-01-02 12:21:00,57.55,61.0,3.450000000000003
O1305,Zone B,Zone C,2023-01-02 11:25:00,15,6.21,Low,Clear,Desserts,R18,2023-01-02 11:40:00,21,2023-01-02 12:01:00,36.05,36.0,-0.04999999999999716
O1306,Zone A,Zone C,2023-01-02 11:30:00,6,11.65,Medium,Clear,Fast Food,R14,2023-01-02 11:36:00,61,2023-01-02 12:37:00,63.25,67.0,3.75
O1307,Zone C,Zone B,2023-01-02 11:35:00,15,3.04,Medium,Clear,Chinese,R48,2023-01-02 11:50:00,17,2023-01-02 12:07:00,20.2,32.0,11.8
O1308,Zone C,Zone A,2023-01-02 11:40:00,5,10.55,High,Rainy,Chinese,R5,2023-01-02 11:45:00,76,2023-01-02 13:01:00,57.75,81.0,23.25
O1309,Zone A,Zone B,2023-01-02 11:45:00,15,9.54,Medium,Clear,Desserts,R16,2023-01-02 12:00:00,47,2023-01-02 12:47:00,52.699999999999996,62.0,9.300000000000004
O1310,Zone A,Zone A,2023-01-02 11:50:00,15,9.48,Medium,Clear,North Indian,R47,2023-01-02 12:05:00,48,2023-01-02 12:53:00,52.400000000000006,63.0,10.599999999999994
O1311,Zone C,Zone B,2023-01-02 11:55:00,16,10.29,Low,Windy,North Indian,R25,2023-01-02 12:11:00,31,2023-01-02 12:42:00,56.449999999999996,47.0,-9.449999999999996
O1312,Zone C,Zone B,2023-01-02 12:00:00,15,9.37,Medium,Rainy,South Indian,R9,2023-01-02 12:15:00,49,2023-01-02 13:04:00,51.849999999999994,64.0,12.150000000000006
O1313,Zone B,Zone C,2023-01-02 12:05:00,7,7.89,Medium,Clear,Desserts,R36,2023-01-02 12:12:00,41,2023-01-02 12:53:00,44.449999999999996,48.0,3.5500000000000043
O1314,Zone C,Zone A,2023-01-02 12:10:00,10,2.44,Low,Clear,Fast Food,R47,2023-01-02 12:20:00,9,2023-01-02 12:29:00,17.2,19.0,1.8000000000000007
O1315,Zone B,Zone A,2023-01-02 12:15:00,12,1.36,Low,Rainy,Desserts,R14,2023-01-02 12:27:00,5,2023-01-02 12:32:00,11.8,17.0,5.199999999999999
O1316,Zone B,Zone C,2023-01-02 12:20:00,13,11.13,Medium,Clear,South Indian,R47,2023-01-02 12:33:00,56,2023-01-02 13:29:00,60.650000000000006,69.0,8.349999999999994
O1317,Zone B,Zone C,2023-01-02 12:25:00,11,7.78,Low,Clear,Desserts,R7,2023-01-02 12:36:00,25,2023-01-02 13:01:00,43.9,36.0,-7.899999999999999
O1318,Zone B,Zone C,2023-01-02 12:30:00,8,9.76,Medium,Clear,Desserts,R46,2023-01-02 12:38:00,50,2023-01-02 13:28:00,53.8,58.0,4.200000000000003
O1319,Zone B,Zone C,2023-01-02 12:35:00,10,6.3,Low,Windy,South Indian,R15,2023-01-02 12:45:00,19,2023-01-02 13:04:00,36.5,29.0,-7.5
O1320,Zone A,Zone A,2023-01-02 12:40:00,9,2.29,Low,Rainy,North Indian,R10,2023-01-02 12:49:00,8,2023-01-02 12:57:00,16.45,17.0,0.5500000000000007
O1321,Zone C,Zone A,2023-01-02 12:45:00,12,2.38,Low,Rainy,Fast Food,R31,2023-01-02 12:57:00,8,2023-01-02 13:05:00,16.9,20.0,3.1000000000000014
O1322,Zone B,Zone B,2023-01-02 12:50:00,5,8.54,High,Rainy,South Indian,R46,2023-01-02 12:55:00,60,2023-01-02 13:55:00,47.699999999999996,65.0,17.300000000000004
O1323,Zone C,Zone B,2023-01-02 12:55:00,5,5.73,High,Clear,Chinese,R45,2023-01-02 13:00:00,40,2023-01-02 13:40:00,33.650000000000006,45.0,11.349999999999994
O1324,Zone C,Zone C,2023-01-02 13:00:00,17,3.21,High,Clear,North Indian,R11,2023-01-02 13:17:00,24,2023-01-02 13:41:00,21.05,41.0,19.95
O1325,Zone B,Zone C,2023-01-02 13:05:00,19,6.41,Medium,Clear,Chinese,R50,2023-01-02 13:24:00,35,2023-01-02 13:59:00,37.05,54.0,16.950000000000003
O1326,Zone A,Zone C,2023-01-02 13:10:00,15,1.71,Low,Clear,North Indian,R38,2023-01-02 13:25:00,7,2023-01-02 13:32:00,13.55,22.0,8.45
O1327,Zone B,Zone B,2023-01-02 13:15:00,10,7.4,Medium,Clear,Fast Food,R19,2023-01-02 13:25:00,39,2023-01-02 14:04:00,42.0,49.0,7.0
O1328,Zone A,Zone B,2023-01-02 13:20:00,14,3.96,Medium,Rainy,Fast Food,R38,2023-01-02 13:34:00,22,2023-01-02 13:56:00,24.8,36.0,11.2
O1329,Zone C,Zone B,2023-01-02 13:25:00,16,9.77,High,Rainy,Desserts,R39,2023-01-02 13:41:00,70,2023-01-02 14:51:00,53.849999999999994,86.0,32.150000000000006
O1330,Zone A,Zone B,2023-01-02 13:30:00,6,4.41,Low,Rainy,Chinese,R8,2023-01-02 13:36:00,14,2023-01-02 13:50:00,27.05,20.0,-7.050000000000001
O1331,Zone A,Zone B,2023-01-02 13:35:00,9,6.01,Medium,Clear,North Indian,R40,2023-01-02 13:44:00,33,2023-01-02 14:17:00,35.05,42.0,6.950000000000003
O1332,Zone A,Zone B,2023-01-02 13:40:00,5,1.13,Low,Rainy,Fast Food,R11,2023-01-02 13:45:00,4,2023-01-02 13:49:00,10.649999999999999,9.0,-1.6499999999999986
O1333,Zone C,Zone B,2023-01-02 13:45:00,11,1.8,Medium,Rainy,South Indian,R27,2023-01-02 13:56:00,11,2023-01-02 14:07:00,14.0,22.0,8.0
O1334,Zone C,Zone C,2023-01-02 13:50:00,5,5.32,Medium,Clear,Fast Food,R10,2023-01-02 13:55:00,29,2023-01-02 14:24:00,31.6,34.0,2.3999999999999986
O1335,Zone A,Zone C,2023-01-02 13:55:00,8,6.28,Medium,Rainy,South Indian,R48,2023-01-02 14:03:00,31,2023-01-02 14:34:00,36.400000000000006,39.0,2.5999999999999943
O1336,Zone A,Zone C,2023-01-02 14:00:00,13,7.6,Medium,Clear,North Indian,R40,2023-01-02 14:13:00,39,2023-01-02 14:52:00,43.0,52.0,9.0
O1337,Zone B,Zone C,2023-01-02 14:05:00,5,4.21,Medium,Clear,Fast Food,R5,2023-01-02 14:10:00,23,2023-01-02 14:33:00,26.05,28.0,1.9499999999999993
O1338,Zone A,Zone B,2023-01-02 14:10:00,8,8.64,Medium,Clear,Fast Food,R9,2023-01-02 14:18:00,45,2023-01-02 15:03:00,48.2,53.0,4.799999999999997
O1339,Zone B,Zone A,2023-01-02 14:15:00,10,10.46,Medium,Clear,North Indian,R31,2023-01-02 14:25:00,54,2023-01-02 15:19:00,57.300000000000004,64.0,6.699999999999996
O1340,Zone A,Zone B,2023-01-02 14:20:00,10,9.58,High,Clear,Fast Food,R17,2023-01-02 14:30:00,69,2023-01-02 15:39:00,52.9,79.0,26.1
O1341,Zone B,Zone A,2023-01-02 14:25:00,16,1.44,High,Rainy,South Indian,R25,2023-01-02 14:41:00,12,2023-01-02 14:53:00,12.2,28.0,15.8
O1342,Zone C,Zone C,2023-01-02 14:30:00,19,6.29,Medium,Windy,Fast Food,R49,2023-01-02 14:49:00,33,2023-01-02 15:22:00,36.45,52.0,15.549999999999997
O1343,Zone A,Zone B,2023-01-02 14:35:00,17,2.15,Medium,Rainy,Chinese,R11,2023-01-02 14:52:00,12,2023-01-02 15:04:00,15.75,29.0,13.25
O1344,Zone A,Zone C,2023-01-02 14:40:00,12,3.66,Medium,Rainy,Desserts,R30,2023-01-02 14:52:00,19,2023-01-02 15:11:00,23.3,31.0,7.699999999999999
O1345,Zone A,Zone B,2023-01-02 14:45:00,5,11.85,Medium,Clear,South Indian,R49,2023-01-02 14:50:00,61,2023-01-02 15:51:00,64.25,66.0,1.75
O1346,Zone A,Zone C,2023-01-02 14:50:00,11,2.57,Low,Rainy,Chinese,R14,2023-01-02 15:01:00,10,2023-01-02 15:11:00,17.85,21.0,3.1499999999999986
O1347,Zone B,Zone A,2023-01-02 14:55:00,5,6.49,High,Clear,North Indian,R29,2023-01-02 15:00:00,48,2023-01-02 15:48:00,37.45,53.0,15.549999999999997
O1348,Zone A,Zone A,2023-01-02 15:00:00,17,7.8,Low,Clear,South Indian,R7,2023-01-02 15:17:00,25,2023-01-02 15:42:00,44.0,42.0,-2.0
O1349,Zone C,Zone A,2023-01-02 15:05:00,18,8.73,High,Clear,Desserts,R18,2023-01-02 15:23:00,64,2023-01-02 16:27:00,48.650000000000006,82.0,33.349999999999994
O1350,Zone C,Zone B,2023-01-02 15:10:00,11,7.16,Medium,Clear,Desserts,R4,2023-01-02 15:21:00,38,2023-01-02 15:59:00,40.8,49.0,8.200000000000003
O1351,Zone A,Zone A,2023-01-02 15:15:00,7,1.11,Medium,Clear,North Indian,R23,2023-01-02 15:22:00,8,2023-01-02 15:30:00,10.55,15.0,4.449999999999999
O1352,Zone C,Zone B,2023-01-02 15:20:00,15,4.59,Medium,Clear,North Indian,R8,2023-01-02 15:35:00,25,2023-01-02 16:00:00,27.95,40.0,12.05
O1353,Zone A,Zone A,2023-01-02 15:25:00,12,6.69,High,Clear,South Indian,R8,2023-01-02 15:37:00,48,2023-01-02 16:25:00,38.45,60.0,21.549999999999997
O1354,Zone A,Zone A,2023-01-02 15:30:00,7,1.97,Medium,Windy,Fast Food,R36,2023-01-02 15:37:00,12,2023-01-02 15:49:00,14.85,19.0,4.15
O1355,Zone C,Zone B,2023-01-02 15:35:00,18,4.86,Medium,Clear,North Indian,R35,2023-01-02 15:53:00,25,2023-01-02 16:18:00,29.3,43.0,13.7
O1356,Zone A,Zone B,2023-01-02 15:40:00,18,1.37,Low,Clear,Fast Food,R8,2023-01-02 15:58:00,6,2023-01-02 16:04:00,11.850000000000001,24.0,12.149999999999999
O1357,Zone C,Zone A,2023-01-02 15:45:00,17,1.86,Medium,Clear,Chinese,R10,2023-01-02 16:02:00,11,2023-01-02 16:13:00,14.3,28.0,13.7
O1358,Zone B,Zone B,2023-01-02 15:50:00,5,5.37,Low,Rainy,Desserts,R4,2023-01-02 15:55:00,19,2023-01-02 16:14:00,31.85,24.0,-7.850000000000001
O1359,Zone A,Zone A,2023-01-02 15:55:00,17,2.46,Medium,Clear,Fast Food,R32,2023-01-02 16:12:00,15,2023-01-02 16:27:00,17.3,32.0,14.7
O1360,Zone B,Zone B,2023-01-02 16:00:00,17,7.24,Medium,Clear,Desserts,R8,2023-01-02 16:17:00,39,2023-01-02 16:56:00,41.2,56.0,14.799999999999997
O1361,Zone C,Zone C,2023-01-02 16:05:00,18,8.58,Medium,Clear,Fast Food,R45,2023-01-02 16:23:00,44,2023-01-02 17:07:00,47.9,62.0,14.100000000000001
O1362,Zone B,Zone C,2023-01-02 16:10:00,12,9.81,Low,Clear,Chinese,R25,2023-01-02 16:22:00,31,2023-01-02 16:53:00,54.050000000000004,43.0,-11.050000000000004
O1363,Zone B,Zone C,2023-01-02 16:15:00,7,3.2,Low,Clear,North Indian,R42,2023-01-02 16:22:00,11,2023-01-02 16:33:00,21.0,18.0,-3.0
O1364,Zone C,Zone C,2023-01-02 16:20:00,6,2.84,Medium,Clear,Chinese,R13,2023-01-02 16:26:00,16,2023-01-02 16:42:00,19.2,22.0,2.8000000000000007
O1365,Zone B,Zone C,2023-01-02 16:25:00,5,2.15,Low,Clear,North Indian,R13,2023-01-02 16:30:00,6,2023-01-02 16:36:00,15.75,11.0,-4.75
O1366,Zone B,Zone A,2023-01-02 16:30:00,18,8.0,Low,Clear,North Indian,R14,2023-01-02 16:48:00,27,2023-01-02 17:15:00,45.0,45.0,0.0
O1367,Zone C,Zone C,2023-01-02 16:35:00,7,8.77,Low,Clear,Desserts,R10,2023-01-02 16:42:00,28,2023-01-02 17:10:00,48.849999999999994,35.0,-13.849999999999994
O1368,Zone B,Zone C,2023-01-02 16:40:00,19,1.35,High,Rainy,Chinese,R7,2023-01-02 16:59:00,11,2023-01-02 17:10:00,11.75,30.0,18.25
O1369,Zone C,Zone C,2023-01-02 16:45:00,6,11.3,Medium,Clear,Fast Food,R1,2023-01-02 16:51:00,55,2023-01-02 17:46:00,61.5,61.0,-0.5
O1370,Zone B,Zone C,2023-01-02 16:50:00,6,1.57,Medium,Clear,Chinese,R19,2023-01-02 16:56:00,9,2023-01-02 17:05:00,12.850000000000001,15.0,2.1499999999999986
O1371,Zone C,Zone B,2023-01-02 16:55:00,10,6.95,Low,Clear,Desserts,R2,2023-01-02 17:05:00,22,2023-01-02 17:27:00,39.75,32.0,-7.75
O1372,Zone C,Zone A,2023-01-02 17:00:00,16,8.8,Medium,Windy,North Indian,R42,2023-01-02 17:16:00,45,2023-01-02 18:01:00,49.0,61.0,12.0
O1373,Zone B,Zone C,2023-01-02 17:05:00,5,10.58,Medium,Clear,Desserts,R36,2023-01-02 17:10:00,54,2023-01-02 18:04:00,57.9,59.0,1.1000000000000014
O1374,Zone B,Zone C,2023-01-02 17:10:00,6,8.85,Medium,Clear,South Indian,R6,2023-01-02 17:16:00,46,2023-01-02 18:02:00,49.25,52.0,2.75
O1375,Zone B,Zone C,2023-01-02 17:15:00,18,9.82,Low,Rainy,South Indian,R24,2023-01-02 17:33:00,30,2023-01-02 18:03:00,54.1,48.0,-6.100000000000001
O1376,Zone A,Zone A,2023-01-02 17:20:00,10,4.73,Low,Clear,Fast Food,R3,2023-01-02 17:30:00,16,2023-01-02 17:46:00,28.650000000000002,26.0,-2.650000000000002
O1377,Zone A,Zone B,2023-01-02 17:25:00,7,9.96,Low,Clear,Desserts,R17,2023-01-02 17:32:00,31,2023-01-02 18:03:00,54.800000000000004,38.0,-16.800000000000004
O1378,Zone A,Zone A,2023-01-02 17:30:00,19,1.88,Medium,Clear,Fast Food,R19,2023-01-02 17:49:00,11,2023-01-02 18:00:00,14.399999999999999,30.0,15.600000000000001
O1379,Zone C,Zone B,2023-01-02 17:35:00,8,10.84,Medium,Rainy,Fast Food,R2,2023-01-02 17:43:00,57,2023-01-02 18:40:00,59.2,65.0,5.799999999999997
O1380,Zone B,Zone C,2023-01-02 17:40:00,5,7.02,Low,Clear,South Indian,R22,2023-01-02 17:45:00,23,2023-01-02 18:08:00,40.099999999999994,28.0,-12.099999999999994
O1381,Zone C,Zone C,2023-01-02 17:45:00,12,9.99,Low,Rainy,Fast Food,R17,2023-01-02 17:57:00,32,2023-01-02 18:29:00,54.95,44.0,-10.950000000000003
O1382,Zone A,Zone A,2023-01-02 17:50:00,17,5.98,Low,Windy,South Indian,R7,2023-01-02 18:07:00,20,2023-01-02 18:27:00,34.900000000000006,37.0,2.0999999999999943
O1383,Zone B,Zone A,2023-01-02 17:55:00,11,8.08,High,Clear,North Indian,R46,2023-01-02 18:06:00,58,2023-01-02 19:04:00,45.4,69.0,23.6
O1384,Zone C,Zone B,2023-01-02 18:00:00,11,6.79,Low,Clear,Desserts,R40,2023-01-02 18:11:00,22,2023-01-02 18:33:00,38.95,33.0,-5.950000000000003
O1385,Zone B,Zone B,2023-01-02 18:05:00,7,9.05,Medium,Clear,Fast Food,R35,2023-01-02 18:12:00,46,2023-01-02 18:58:00,50.25,53.0,2.75
O1386,Zone C,Zone A,2023-01-02 18:10:00,14,1.9,Medium,Clear,South Indian,R26,2023-01-02 18:24:00,11,2023-01-02 18:35:00,14.5,25.0,10.5
O1387,Zone B,Zone B,2023-01-02 18:15:00,14,1.66,Medium,Clear,Chinese,R14,2023-01-02 18:29:00,10,2023-01-02 18:39:00,13.299999999999999,24.0,10.700000000000001
O1388,Zone A,Zone A,2023-01-02 18:20:00,7,3.72,Low,Windy,Fast Food,R31,2023-01-02 18:27:00,14,2023-01-02 18:41:00,23.6,21.0,-2.6000000000000014
O1389,Zone A,Zone B,2023-01-02 18:25:00,18,2.75,Low,Rainy,North Indian,R36,2023-01-02 18:43:00,11,2023-01-02 18:54:00,18.75,29.0,10.25
O1390,Zone B,Zone A,2023-01-02 18:30:00,6,10.59,Medium,Rainy,North Indian,R9,2023-01-02 18:36:00,53,2023-01-02 19:29:00,57.95,59.0,1.0499999999999972
O1391,Zone C,Zone A,2023-01-02 18:35:00,16,3.41,Medium,Clear,Chinese,R10,2023-01-02 18:51:00,17,2023-01-02 19:08:00,22.05,33.0,10.95
O1392,Zone A,Zone A,2023-01-02 18:40:00,5,11.73,Medium,Rainy,South Indian,R8,2023-01-02 18:45:00,60,2023-01-02 19:45:00,63.650000000000006,65.0,1.3499999999999943
O1393,Zone A,Zone B,2023-01-02 18:45:00,11,4.71,Medium,Windy,Fast Food,R16,2023-01-02 18:56:00,25,2023-01-02 19:21:00,28.55,36.0,7.449999999999999
O1394,Zone A,Zone B,2023-01-02 18:50:00,11,3.0,Low,Rainy,South Indian,R16,2023-01-02 19:01:00,10,2023-01-02 19:11:00,20.0,21.0,1.0
O1395,Zone B,Zone B,2023-01-02 18:55:00,16,9.69,High,Clear,North Indian,R29,2023-01-02 19:11:00,70,2023-01-02 20:21:00,53.449999999999996,86.0,32.550000000000004
O1396,Zone B,Zone A,2023-01-02 19:00:00,6,8.25,Medium,Rainy,South Indian,R5,2023-01-02 19:06:00,43,2023-01-02 19:49:00,46.25,49.0,2.75
O1397,Zone C,Zone B,2023-01-02 19:05:00,11,6.48,Low,Clear,North Indian,R47,2023-01-02 19:16:00,21,2023-01-02 19:37:00,37.400000000000006,32.0,-5.400000000000006
O1398,Zone C,Zone B,2023-01-02 19:10:00,17,7.11,High,Clear,South Indian,R21,2023-01-02 19:27:00,53,2023-01-02 20:20:00,40.550000000000004,70.0,29.449999999999996
O1399,Zone C,Zone A,2023-01-02 19:15:00,12,8.91,Medium,Clear,Chinese,R36,2023-01-02 19:27:00,45,2023-01-02 20:12:00,49.55,57.0,7.450000000000003
O1400,Zone B,Zone C,2023-01-02 19:20:00,5,3.51,Medium,Rainy,Desserts,R10,2023-01-02 19:25:00,19,2023-01-02 19:44:00,22.549999999999997,24.0,1.4500000000000028
O1401,Zone B,Zone A,2023-01-02 19:25:00,13,11.96,Medium,Rainy,Chinese,R44,2023-01-02 19:38:00,61,2023-01-02 20:39:00,64.80000000000001,74.0,9.199999999999989
O1402,Zone C,Zone B,2023-01-02 19:30:00,11,11.72,High,Clear,Chinese,R5,2023-01-02 19:41:00,85,2023-01-02 21:06:00,63.6,96.0,32.4
O1403,Zone C,Zone A,2023-01-02 19:35:00,7,8.15,Medium,Clear,Desserts,R31,2023-01-02 19:42:00,40,2023-01-02 20:22:00,45.75,47.0,1.25
O1404,Zone B,Zone C,2023-01-02 19:40:00,12,3.19,Low,Clear,Desserts,R16,2023-01-02 19:52:00,9,2023-01-02 20:01:00,20.95,21.0,0.05000000000000071
O1405,Zone C,Zone A,2023-01-02 19:45:00,11,8.48,Medium,Clear,Fast Food,R24,2023-01-02 19:56:00,44,2023-01-02 20:40:00,47.400000000000006,55.0,7.599999999999994
O1406,Zone A,Zone B,2023-01-02 19:50:00,15,1.79,High,Clear,Fast Food,R23,2023-01-02 20:05:00,15,2023-01-02 20:20:00,13.95,30.0,16.05
O1407,Zone B,Zone C,2023-01-02 19:55:00,19,1.34,Low,Clear,Chinese,R43,2023-01-02 20:14:00,6,2023-01-02 20:20:00,11.7,25.0,13.3
O1408,Zone C,Zone B,2023-01-02 20:00:00,17,3.83,Medium,Rainy,Chinese,R24,2023-01-02 20:17:00,20,2023-01-02 20:37:00,24.15,37.0,12.850000000000001
O1409,Zone B,Zone C,2023-01-02 20:05:00,12,6.09,Medium,Clear,North Indian,R9,2023-01-02 20:17:00,33,2023-01-02 20:50:00,35.45,45.0,9.549999999999997
O1410,Zone A,Zone C,2023-01-02 20:10:00,10,10.55,Medium,Clear,North Indian,R30,2023-01-02 20:20:00,53,2023-01-02 21:13:00,57.75,63.0,5.25
O1411,Zone B,Zone A,2023-01-02 20:15:00,13,9.0,Medium,Clear,Fast Food,R9,2023-01-02 20:28:00,48,2023-01-02 21:16:00,50.0,61.0,11.0
O1412,Zone B,Zone A,2023-01-02 20:20:00,19,9.17,High,Windy,Fast Food,R22,2023-01-02 20:39:00,65,2023-01-02 21:44:00,50.85,84.0,33.15
O1413,Zone B,Zone B,2023-01-02 20:25:00,9,5.68,Low,Rainy,North Indian,R5,2023-01-02 20:34:00,18,2023-01-02 20:52:00,33.4,27.0,-6.399999999999999
O1414,Zone B,Zone A,2023-01-02 20:30:00,7,4.81,Low,Rainy,North Indian,R31,2023-01-02 20:37:00,17,2023-01-02 20:54:00,29.049999999999997,24.0,-5.049999999999997
O1415,Zone A,Zone A,2023-01-02 20:35:00,7,5.08,Low,Clear,South Indian,R43,2023-01-02 20:42:00,15,2023-01-02 20:57:00,30.4,22.0,-8.399999999999999
O1416,Zone B,Zone C,2023-01-02 20:40:00,5,11.86,High,Clear,South Indian,R36,2023-01-02 20:45:00,86,2023-01-02 22:11:00,64.3,91.0,26.700000000000003
O1417,Zone B,Zone A,2023-01-02 20:45:00,16,1.44,Medium,Clear,North Indian,R5,2023-01-02 21:01:00,8,2023-01-02 21:09:00,12.2,24.0,11.8
O1418,Zone C,Zone C,2023-01-02 20:50:00,19,10.54,Low,Rainy,South Indian,R18,2023-01-02 21:09:00,33,2023-01-02 21:42:00,57.699999999999996,52.0,-5.699999999999996
O1419,Zone B,Zone C,2023-01-02 20:55:00,12,7.37,High,Windy,Desserts,R14,2023-01-02 21:07:00,54,2023-01-02 22:01:00,41.85,66.0,24.15
O1420,Zone C,Zone C,2023-01-02 21:00:00,6,5.82,High,Rainy,Fast Food,R21,2023-01-02 21:06:00,41,2023-01-02 21:47:00,34.1,47.0,12.899999999999999
O1421,Zone A,Zone B,2023-01-02 21:05:00,7,8.98,High,Rainy,Fast Food,R18,2023-01-02 21:12:00,65,2023-01-02 22:17:00,49.900000000000006,72.0,22.099999999999994
O1422,Zone A,Zone B,2023-01-02 21:10:00,12,6.35,High,Rainy,North Indian,R46,2023-01-02 21:22:00,48,2023-01-02 22:10:00,36.75,60.0,23.25
O1423,Zone A,Zone B,2023-01-02 21:15:00,18,10.61,Low,Clear,Chinese,R41,2023-01-02 21:33:00,33,2023-01-02 22:06:00,58.05,51.0,-7.049999999999997
O1424,Zone A,Zone C,2023-01-02 21:20:00,12,10.91,Medium,Windy,North Indian,R49,2023-01-02 21:32:00,57,2023-01-02 22:29:00,59.55,69.0,9.450000000000003
O1425,Zone C,Zone B,2023-01-02 21:25:00,18,5.64,Medium,Clear,South Indian,R18,2023-01-02 21:43:00,28,2023-01-02 22:11:00,33.2,46.0,12.799999999999997
O1426,Zone B,Zone B,2023-01-02 21:30:00,15,4.05,High,Clear,Chinese,R27,2023-01-02 21:45:00,30,2023-01-02 22:15:00,25.25,45.0,19.75
O1427,Zone A,Zone A,2023-01-02 21:35:00,8,7.52,Medium,Clear,South Indian,R35,2023-01-02 21:43:00,38,2023-01-02 22:21:00,42.599999999999994,46.0,3.4000000000000057
O1428,Zone B,Zone B,2023-01-02 21:40:00,8,11.04,Medium,Clear,Desserts,R8,2023-01-02 21:48:00,58,2023-01-02 22:46:00,60.199999999999996,66.0,5.800000000000004
O1429,Zone C,Zone B,2023-01-02 21:45:00,9,3.32,Medium,Clear,South Indian,R19,2023-01-02 21:54:00,19,2023-01-02 22:13:00,21.599999999999998,28.0,6.400000000000002
O1430,Zone C,Zone C,2023-01-02 21:50:00,10,7.85,Low,Clear,Desserts,R42,2023-01-02 22:00:00,27,2023-01-02 22:27:00,44.25,37.0,-7.25
O1431,Zone C,Zone C,2023-01-02 21:55:00,9,7.95,Medium,Clear,Desserts,R16,2023-01-02 22:04:00,43,2023-01-02 22:47:00,44.75,52.0,7.25
O1432,Zone A,Zone C,2023-01-02 22:00:00,18,9.06,High,Clear,South Indian,R43,2023-01-02 22:18:00,65,2023-01-02 23:23:00,50.300000000000004,83.0,32.699999999999996
O1433,Zone B,Zone C,2023-01-02 22:05:00,19,2.45,High,Clear,South Indian,R48,2023-01-02 22:24:00,18,2023-01-02 22:42:00,17.25,37.0,19.75
O1434,Zone B,Zone C,2023-01-02 22:10:00,11,8.87,Low,Clear,Desserts,R1,2023-01-02 22:21:00,29,2023-01-02 22:50:00,49.349999999999994,40.0,-9.349999999999994
O1435,Zone B,Zone C,2023-01-02 22:15:00,6,11.0,Low,Clear,Chinese,R46,2023-01-02 22:21:00,34,2023-01-02 22:55:00,60.0,40.0,-20.0
O1436,Zone C,Zone B,2023-01-02 22:20:00,11,2.98,Low,Clear,Desserts,R10,2023-01-02 22:31:00,12,2023-01-02 22:43:00,19.9,23.0,3.1000000000000014
O1437,Zone A,Zone C,2023-01-02 22:25:00,14,3.61,Medium,Rainy,Fast Food,R1,2023-01-02 22:39:00,17,2023-01-02 22:56:00,23.05,31.0,7.949999999999999
O1438,Zone C,Zone C,2023-01-02 22:30:00,11,11.69,High,Rainy,Desserts,R18,2023-01-02 22:41:00,86,2023-01-03 00:07:00,63.449999999999996,97.0,33.550000000000004
O1439,Zone C,Zone A,2023-01-02 22:35:00,5,2.99,Low,Rainy,Chinese,R44,2023-01-02 22:40:00,11,2023-01-02 22:51:00,19.950000000000003,16.0,-3.950000000000003
O1440,Zone B,Zone B,2023-01-02 22:40:00,11,10.4,Medium,Rainy,Fast Food,R19,2023-01-02 22:51:00,53,2023-01-02 23:44:00,57.0,64.0,7.0
O1441,Zone C,Zone B,2023-01-02 22:45:00,9,6.42,High,Clear,North Indian,R14,2023-01-02 22:54:00,47,2023-01-02 23:41:00,37.1,56.0,18.9
O1442,Zone B,Zone B,2023-01-02 22:50:00,7,3.72,Medium,Rainy,North Indian,R21,2023-01-02 22:57:00,21,2023-01-02 23:18:00,23.6,28.0,4.399999999999999
O1443,Zone A,Zone C,2023-01-02 22:55:00,17,10.58,Medium,Clear,Chinese,R29,2023-01-02 23:12:00,55,2023-01-03 00:07:00,57.9,72.0,14.100000000000001
O1444,Zone B,Zone C,2023-01-02 23:00:00,7,5.9,Medium,Clear,Desserts,R45,2023-01-02 23:07:00,29,2023-01-02 23:36:00,34.5,36.0,1.5
O1445,Zone A,Zone C,2023-01-02 23:05:00,8,6.66,Medium,Rainy,South Indian,R7,2023-01-02 23:13:00,35,2023-01-02 23:48:00,38.3,43.0,4.700000000000003
O1446,Zone B,Zone A,2023-01-02 23:10:00,17,4.95,Low,Clear,Chinese,R38,2023-01-02 23:27:00,17,2023-01-02 23:44:00,29.75,34.0,4.25
O1447,Zone C,Zone C,2023-01-02 23:15:00,16,7.52,Medium,Rainy,Fast Food,R8,2023-01-02 23:31:00,40,2023-01-03 00:11:00,42.599999999999994,56.0,13.400000000000006
O1448,Zone C,Zone A,2023-01-02 23:20:00,6,2.8,Medium,Rainy,Fast Food,R36,2023-01-02 23:26:00,15,2023-01-02 23:41:00,19.0,21.0,2.0
O1449,Zone A,Zone B,2023-01-02 23:25:00,6,5.3,High,Rainy,North Indian,R12,2023-01-02 23:31:00,40,2023-01-03 00:11:00,31.5,46.0,14.5
O1450,Zone A,Zone C,2023-01-02 23:30:00,5,11.66,Medium,Windy,Fast Food,R16,2023-01-02 23:35:00,61,2023-01-03 00:36:00,63.3,66.0,2.700000000000003
O1451,Zone A,Zone A,2023-01-02 23:35:00,19,3.84,Medium,Clear,Chinese,R40,2023-01-02 23:54:00,22,2023-01-03 00:16:00,24.2,41.0,16.8
O1452,Zone B,Zone A,2023-01-02 23:40:00,9,8.22,Low,Clear,Fast Food,R41,2023-01-02 23:49:00,26,2023-01-03 00:15:00,46.1,35.0,-11.100000000000001
O1453,Zone B,Zone C,2023-01-02 23:45:00,8,4.58,Medium,Clear,Chinese,R32,2023-01-02 23:53:00,24,2023-01-03 00:17:00,27.9,32.0,4.100000000000001
O1454,Zone A,Zone B,2023-01-02 23:50:00,15,9.51,Low,Clear,South Indian,R6,2023-01-03 00:05:00,28,2023-01-03 00:33:00,52.55,43.0,-9.549999999999997
O1455,Zone C,Zone B,2023-01-02 23:55:00,14,2.44,Low,Rainy,North Indian,R33,2023-01-03 00:09:00,9,2023-01-03 00:18:00,17.2,23.0,5.800000000000001
O1456,Zone B,Zone B,2023-01-03 00:00:00,19,11.67,Medium,Rainy,Fast Food,R32,2023-01-03 00:19:00,61,2023-01-03 01:20:00,63.35,80.0,16.65
O1457,Zone B,Zone A,2023-01-03 00:05:00,6,5.99,High,Rainy,Chinese,R36,2023-01-03 00:11:00,43,2023-01-03 00:54:00,34.95,49.0,14.049999999999997
O1458,Zone B,Zone A,2023-01-03 00:10:00,7,3.6,Low,Clear,Desserts,R43,2023-01-03 00:17:00,13,2023-01-03 00:30:00,23.0,20.0,-3.0
O1459,Zone A,Zone A,2023-01-03 00:15:00,11,1.81,Medium,Clear,North Indian,R7,2023-01-03 00:26:00,12,2023-01-03 00:38:00,14.05,23.0,8.95
O1460,Zone A,Zone A,2023-01-03 00:20:00,11,2.87,High,Clear,South Indian,R24,2023-01-03 00:31:00,22,2023-01-03 00:53:00,19.35,33.0,13.649999999999999
O1461,Zone A,Zone B,2023-01-03 00:25:00,16,6.72,Low,Clear,Chinese,R6,2023-01-03 00:41:00,22,2023-01-03 01:03:00,38.6,38.0,-0.6000000000000014
O1462,Zone A,Zone C,2023-01-03 00:30:00,8,4.71,Medium,Rainy,South Indian,R20,2023-01-03 00:38:00,24,2023-01-03 01:02:00,28.55,32.0,3.4499999999999993
O1463,Zone A,Zone A,2023-01-03 00:35:00,9,10.12,Medium,Clear,South Indian,R45,2023-01-03 00:44:00,52,2023-01-03 01:36:00,55.599999999999994,61.0,5.400000000000006
O1464,Zone C,Zone A,2023-01-03 00:40:00,9,5.74,Medium,Clear,Fast Food,R44,2023-01-03 00:49:00,32,2023-01-03 01:21:00,33.7,41.0,7.299999999999997
O1465,Zone C,Zone B,2023-01-03 00:45:00,10,3.74,Low,Clear,Fast Food,R5,2023-01-03 00:55:00,13,2023-01-03 01:08:00,23.700000000000003,23.0,-0.7000000000000028
O1466,Zone A,Zone C,2023-01-03 00:50:00,18,7.79,Medium,Rainy,Chinese,R30,2023-01-03 01:08:00,42,2023-01-03 01:50:00,43.95,60.0,16.049999999999997
O1467,Zone B,Zone C,2023-01-03 00:55:00,13,8.77,Medium,Rainy,Desserts,R48,2023-01-03 01:08:00,45,2023-01-03 01:53:00,48.849999999999994,58.0,9.150000000000006
O1468,Zone A,Zone B,2023-01-03 01:00:00,6,2.84,Medium,Clear,Chinese,R48,2023-01-03 01:06:00,16,2023-01-03 01:22:00,19.2,22.0,2.8000000000000007
O1469,Zone C,Zone B,2023-01-03 01:05:00,9,2.84,Low,Clear,Desserts,R49,2023-01-03 01:14:00,10,2023-01-03 01:24:00,19.2,19.0,-0.1999999999999993
O1470,Zone C,Zone C,2023-01-03 01:10:00,16,1.4,Medium,Clear,South Indian,R28,2023-01-03 01:26:00,9,2023-01-03 01:35:00,12.0,25.0,13.0
O1471,Zone B,Zone A,2023-01-03 01:15:00,7,9.1,Low,Clear,North Indian,R26,2023-01-03 01:22:00,30,2023-01-03 01:52:00,50.5,37.0,-13.5
O1472,Zone C,Zone C,2023-01-03 01:20:00,8,8.3,Medium,Rainy,Chinese,R3,2023-01-03 01:28:00,44,2023-01-03 02:12:00,46.5,52.0,5.5
O1473,Zone A,Zone B,2023-01-03 01:25:00,14,6.22,Low,Rainy,Chinese,R13,2023-01-03 01:39:00,21,2023-01-03 02:00:00,36.099999999999994,35.0,-1.0999999999999943
O1474,Zone B,Zone A,2023-01-03 01:30:00,10,10.29,High,Clear,Desserts,R5,2023-01-03 01:40:00,74,2023-01-03 02:54:00,56.449999999999996,84.0,27.550000000000004
O1475,Zone A,Zone A,2023-01-03 01:35:00,16,9.86,Medium,Clear,South Indian,R32,2023-01-03 01:51:00,51,2023-01-03 02:42:00,54.3,67.0,12.700000000000003
O1476,Zone A,Zone B,2023-01-03 01:40:00,12,7.44,Medium,Windy,South Indian,R40,2023-01-03 01:52:00,37,2023-01-03 02:29:00,42.2,49.0,6.799999999999997
O1477,Zone B,Zone B,2023-01-03 01:45:00,5,10.55,Low,Clear,Desserts,R24,2023-01-03 01:50:00,34,2023-01-03 02:24:00,57.75,39.0,-18.75
O1478,Zone A,Zone B,2023-01-03 01:50:00,14,3.26,Medium,Rainy,South Indian,R22,2023-01-03 02:04:00,18,2023-01-03 02:22:00,21.299999999999997,32.0,10.700000000000003
O1479,Zone C,Zone C,2023-01-03 01:55:00,18,2.23,High,Clear,Fast Food,R47,2023-01-03 02:13:00,17,2023-01-03 02:30:00,16.15,35.0,18.85
O1480,Zone A,Zone C,2023-01-03 02:00:00,12,3.97,High,Clear,North Indian,R50,2023-01-03 02:12:00,29,2023-01-03 02:41:00,24.85,41.0,16.15
O1481,Zone B,Zone A,2023-01-03 02:05:00,15,1.63,Medium,Clear,Chinese,R14,2023-01-03 02:20:00,10,2023-01-03 02:30:00,13.149999999999999,25.0,11.850000000000001
O1482,Zone B,Zone B,2023-01-03 02:10:00,18,6.84,Medium,Clear,North Indian,R19,2023-01-03 02:28:00,35,2023-01-03 03:03:00,39.2,53.0,13.799999999999997
O1483,Zone B,Zone A,2023-01-03 02:15:00,11,11.3,Medium,Windy,Chinese,R42,2023-01-03 02:26:00,57,2023-01-03 03:23:00,61.5,68.0,6.5
O1484,Zone A,Zone A,2023-01-03 02:20:00,5,1.43,High,Clear,Fast Food,R30,2023-01-03 02:25:00,12,2023-01-03 02:37:00,12.149999999999999,17.0,4.850000000000001
O1485,Zone B,Zone A,2023-01-03 02:25:00,6,2.34,Medium,Clear,South Indian,R7,2023-01-03 02:31:00,14,2023-01-03 02:45:00,16.7,20.0,3.3000000000000007
O1486,Zone B,Zone A,2023-01-03 02:30:00,7,5.97,Medium,Clear,Desserts,R4,2023-01-03 02:37:00,31,2023-01-03 03:08:00,34.849999999999994,38.0,3.1500000000000057
O1487,Zone A,Zone B,2023-01-03 02:35:00,5,11.27,Medium,Clear,Fast Food,R28,2023-01-03 02:40:00,57,2023-01-03 03:37:00,61.349999999999994,62.0,0.6500000000000057
O1488,Zone C,Zone A,2023-01-03 02:40:00,18,4.48,Medium,Clear,North Indian,R7,2023-01-03 02:58:00,24,2023-01-03 03:22:00,27.400000000000002,42.0,14.599999999999998
O1489,Zone A,Zone B,2023-01-03 02:45:00,13,6.58,Low,Clear,Desserts,R22,2023-01-03 02:58:00,21,2023-01-03 03:19:00,37.9,34.0,-3.8999999999999986
O1490,Zone B,Zone B,2023-01-03 02:50:00,12,1.46,Medium,Rainy,South Indian,R3,2023-01-03 03:02:00,9,2023-01-03 03:11:00,12.3,21.0,8.7
O1491,Zone B,Zone C,2023-01-03 02:55:00,6,2.63,Medium,Clear,Fast Food,R13,2023-01-03 03:01:00,15,2023-01-03 03:16:00,18.15,21.0,2.8500000000000014
O1492,Zone A,Zone B,2023-01-03 03:00:00,17,11.85,Medium,Clear,Desserts,R11,2023-01-03 03:17:00,59,2023-01-03 04:16:00,64.25,76.0,11.75
O1493,Zone C,Zone C,2023-01-03 03:05:00,13,11.62,Low,Windy,Fast Food,R31,2023-01-03 03:18:00,35,2023-01-03 03:53:00,63.099999999999994,48.0,-15.099999999999994
O1494,Zone B,Zone B,2023-01-03 03:10:00,11,1.05,Medium,Clear,Fast Food,R41,2023-01-03 03:21:00,7,2023-01-03 03:28:00,10.25,18.0,7.75
O1495,Zone B,Zone B,2023-01-03 03:15:00,13,11.47,Medium,Windy,South Indian,R37,2023-01-03 03:28:00,58,2023-01-03 04:26:00,62.35,71.0,8.649999999999999
O1496,Zone B,Zone B,2023-01-03 03:20:00,10,8.03,Medium,Clear,Chinese,R48,2023-01-03 03:30:00,43,2023-01-03 04:13:00,45.15,53.0,7.850000000000001
O1497,Zone A,Zone C,2023-01-03 03:25:00,10,10.55,Low,Rainy,Desserts,R33,2023-01-03 03:35:00,34,2023-01-03 04:09:00,57.75,44.0,-13.75
O1498,Zone B,Zone C,2023-01-03 03:30:00,15,6.0,Medium,Rainy,South Indian,R14,2023-01-03 03:45:00,32,2023-01-03 04:17:00,35.0,47.0,12.0
O1499,Zone C,Zone A,2023-01-03 03:35:00,18,6.67,Medium,Rainy,Fast Food,R8,2023-01-03 03:53:00,34,2023-01-03 04:27:00,38.35,52.0,13.649999999999999
